scientificname,commonname
Acanthistius brasilianus,Sea bass
Acanthocybium solandri,Wahoo
Acanthopagrus bifasciatus,Twobar seabream
Acanthopagrus latus,Yellowfin seabream
Acanthopagrus schlegeli,Black porgy
Acanthuridae,Surgeonfishes, tangs, unicornfishes
Acetes japonicus,Akiami paste shrimp
Albula vulpes,Bonefish
Alectis alexandrinus,African threadfish
Alepocephalus bairdii,Bairds smooth-head
Alopias,Thresher sharks
Alopias superciliosus,Bigeye thresher
Alopias vulpinus,Thintail thresher
Alosa,Shads
Alosa aestivalis,Blueback shad
Alosa alosa,Allis shad
Alosa fallax,Twaite shad
Alosa mediocris,Hickory shad
Alosa pontica,Pontic shad
Alosa pseudoharengus,Alewife
Alosa sapidissima,American shad
Ambassidae,Asiatic glassfishes
Amblyraja georgiana,Antarctic starry skate
Amblyraja hyperborea,Arctic skate
Ammodytes,Sandlances
Ammodytes personatus,Pacific sandeel
Ammodytidae,Sand lances
Anadara,Anadara clams
Anadara granosa,Blood cockle
Anarhichas,Wolffish
Anarhichas denticulatus,Northern wolffish
Anarhichas lupus,Wolf-fish
Anarhichas minor,Spotted wolffish
Anchoa hepsetus,Broad-striped anchovy
Anchoa mitchilli,Bay anchovy
Anodontostoma chacunda,Chacunda gizzard shad
Anoplopoma fimbria,Sablefish
Anthias anthias,Swallowtail seaperch
Antimora rostrata,Blue antimora
Aphanopus carbo,Black scabbardfish
Apogonidae,Cardinalfishes
Apostichopus japonicus,Japanese sea cucumber
Arca,Ark clams
Archosargus probatocephalus,Sheepshead seabream
Archosargus rhomboidalis,Western Atlantic seabream
Arctica islandica,Ocean quahog
Arctocephalus australis,South American fur seal
Arctocephalus forsteri,New Zealand fur seal
Arctocephalus galapagoensis,Galapagos fur seal
Arctocephalus gazella,Antarctic fur seal
Arctocephalus philippii,Juan Fernandez fur seal
Arctocephalus pusillus,South African &amp; Australian fur seal
Arctocephalus townsendi,Guadalupe fur seal
Arctocephalus tropicalis,Subantarctic fur seal
Arctoscopus japonicus,Sailfin sandfish
Argentina,Argentines
Argentina silus,Greater argentine
Argentina sphyraena,Argentine
Argopecten circularis,Pacific calico scallop
Argopecten gibbus,Calico scallop
Argopecten irradians,Atlantic bay scallop
Argopecten purpuratus,Peruvian calico scallop
Argyrops spinifer,King soldierbream
Argyrosomus hololepidotus,Southern meagre
Argyrosomus regius,Meagre
Argyrozona argyrozona,Carpenter seabream
Ariidae,Sea catfishes
Ariomma indica,Indian ariomma
Aristaeomorpha foliacea,Giant red shrimp
Aristeidae,Aristeid shrimps
Aristeus antennatus,Blue and red shrimp
Aristeus varidens,Striped red shrimp
Arripis georgianus,Australian ruff
Arripis trutta,Eastern Australian salmon
Artemesia longinaris,Argentine stiletto shrimp
Ascidiacea,Sea squirts
Asteriidae,Starfishes
Asteroidea,Sea stars
Atheresthes stomias,Arrowtooth flounder
Atherina boyeri,Big-scale sand smelt
Atherina presbyter,Sand smelt
Atherinidae,Silversides
Atractoscion aequidens,Geelbeck croaker
Atractoscion nobilis,White weakfish
Atrobucca nibe,Longfin kob
Aulacomya ater,Cholga mussel
Austroglossus,Southern soles
Austroglossus microlepis,West coast sole
Austroglossus pectoralis,Mud sole
Auxis,Frigate tuna
Auxis rochei,Bullet tuna
Auxis thazard,Frigate tuna
Balaena mysticetus,Bowhead whale
Balaenoptera acutorostrata,Dwarf minke whale
Balaenoptera bonaerensis,Antarctic minke whale
Balaenoptera borealis,Sei whale
Balaenoptera brydei,Brydes whale
Balaenoptera edeni,Eden/Brydes whale
Balaenoptera musculus,Blue whale
Balaenoptera physalus,Fin whale
Balistes capriscus,Grey triggerfish
Balistidae,Triggerfishes
Bathyraja,Skates
Bathyraja eatonii,Eatons skate
Bathyraja irrasa,Kerguelen sandpaper skate
Batrachoides,Toadfish
Belone,Needlefishes
Belone belone,Garpike
Belonidae,Needlefishes
Benthodesmus,Frostfishes
Benthosema pterotum,Skinnycheek lanternfish
Berardius arnuxii,Arnouxs beaked whale
Berardius bairdii,Bairds beaked whale
Beryx,Alfonsinos
Beryx decadactylus,Alfonsino
Beryx splendens,Splendid alfonsino
Bivalvia,Clams
Bolinus (Murex)  brandaris,Purple dye murex
Boops boops,Bogue
Boreogadus saida,Polar cod
Bothidae,Lefteye flounders
Brachydeuterus auritus,Bigeye grunt
Brachyura,Marine crabs
Brama brama,Atlantic pomfret
Bramidae,Pomfrets
Bregmaceros mcclellandi,Spotted codlet
Brevoortia aurea,Brazilian menhaden
Brevoortia patronus,Gulf menhaden
Brevoortia pectinata,Argentine menhaden
Brevoortia tyrannus,Atlantic menhaden
Brosme brosme,Tusk
Brotula barbata,Bearded brotula
Buccinum undatum,Whelk
Busycon,Whelks
Caesio,Fusiliers
Calamus,Porgies
Callianassa,Ghost shimps
Callinectes,Blue crabs
Callinectes danae,Dana`s swimming crab
Callinectes sapidus,Blue crab
Callista chione,Smooth callista
Callorhinchidae,Plownose chimaeras
Callorhinchus,Elephantfishes
Callorhinchus capensis,Cape elephantfish
Callorhinchus milii,Ghost shark
Callorhinus ursinus,Northern fur seal
Cancer borealis,Jonah crab
Cancer irroratus,Atlantic rock crab
Cancer magister,Dungeness crab
Cancer pagurus,Edible crab
Cancer productus,Pacific rock crab
Cantherhines,Filefishes
Caperea marginata,Pygmy right whale
Caproidae,Boarfishes
Capromimus abbreviatus,Capro dory
Capros aper,Boarfish
Carangidae,Jacks and pompanos
Carangoides ruber,Bar jack
Caranx,Jacks
Caranx crysos,Blue runner
Caranx hippos,Crevalle jack
Caranx ignobilis,Giant trevally
Caranx rhonchus,False scad
Carcharhinidae,Requiem sharks
Carcharhinus brachyurus,Copper shark
Carcharhinus falciformis,Silky shark
Carcharhinus limbatus,Blacktip shark
Carcharhinus longimanus,Oceanic whitetip shark
Carcharhinus obscurus,Dusky shark
Carcharhinus sorrah,Spottail shark
Carchariniformes,Ground sharks
Carcharodon carcharias,Great white shark
Carcinus aestuarii,Mediterranean shore crab
Carcinus maenas,Green crab
Cardiidae,Cockles
Cardium edule,Common edible cockle
Caulolatilus chrysops,Atlantic goldeye tilefish
Caulolatilus princeps,Ocean whitefish
Centriscops humerosus,Banded yellowfish
Centroberyx affinis,Redfish
Centrolophidae,Medusafishes
Centrolophus niger,Blackfish
Centrophorus granulosus,Gulper shark
Centrophorus squamosus,Leafscale gulper shark
Centropomus,Snooks
Centropomus undecimalis,Common snook
Centropristis striata,Black seabass
Centroscyllium fabricii,Black dogfish
Centroscymnus coelolepis,Portuguese dogfish
Centroscymnus crepidater,Longnose velvet dogfish
Centroscymnus cryptacanthus,Shortnose velvet dogfish
Cephalopholis fulva,Coney
Cephalopoda,Cephalopods
Cephalorhynchus commersonii,Commersons dolphin
Cephalorhynchus eutropia,Black dolphin
Cephalorhynchus heavisidii,Heavisides dolphin
Cephalorhynchus hectori,Hectors dolphin
Cepola macrophthalma,Red bandfish
Cervimunida johni,Carrot Squat Lobster
Cetengraulis edentulus,Atlantic anchoveta
Cetengraulis mysticetus,Pacific anchoveta
Cetorhinus maximus,Basking shark
Chaenocephalus aceratus,Blackfin icefish
Chaenodraco wilsoni,Spiny icefish
Champsocephalus gunnari,Mackerel icefish
Channichthyidae,Crocodile icefishes
Channichthys rhinoceratus,Unicorn icefish
Charonia lampas rubicunda,Knobbed triton
Charybdis,Indo-Pacific swimming crabs
Cheilodactylus variegatus,Peruvian morwong
Cheilopogon agoo,Japanese flyingfish
Cheimerius nufar,Santer seabream
Chelidonichthys capensis,Cape gurnard
Chelidonichthys gurnardus,Grey gurnard
Chelidonichthys kumu,Bluefin gurnard
Chelidonichthys lastoviza,Streaked gurnard
Chelidonichthys lucerna,Tub gurnard
Chelidonichthys spinosus,Red gurnard
Chelon haematocheilus,So-iny `redlip` mullet
Chelon labrosus,Thicklip grey mullet
Chimaera monstrosa,Rabbit fish
Chione stutchburyi,Stutchbury`s venus
Chionodraco hamatus,Hooked icefish
Chionodraco rastrospinosus,Ocellated icefish
Chionoecetes,Pacific snow crabs
Chionoecetes opilio,Queen crab
Chirocentrus,Wolf herring
Chirocentrus dorab,Dorab wolf-herring
Chlamys islandica,Iceland scallop
Chlamys opercularis,Queen scallop
Chlamys varia,Variegated scallop
Chlorophthalmidae,Greeneyes
Chloroscombrus chrysurus,Atlantic bumper
Chloroscombrus orqueta,Pacific bumper
Choromytilus chorus,Choro mussel
Chrysoblephus,Seabreams
Chrysophrys auratus,Squirefish
Ciliata mustela,Fivebeard rockling
Citharichthys sordidus,Pacific sanddab
Clinocardium nuttallii,Nuttall cockle
Clupanodon thrissa,Chinese gizzard shad
Clupea harengus,Atlantic herring
Clupea harengus membras,Baltic herring
Clupea pallasii,Pacific herring
Clupeidae,Herrings/shads/sardines/menhadens
Clupeiformes,Herrings
Clupeoids,Herrings, sardines, anchovies
Clupeonella cultriventris,Black Sea sprat
Cololabis saira,Pacific saury
Concholepas concholepas,False abalone
Conger conger,European conger
Conger myriaster,Whitespotted conger
Conger oceanicus,American conger
Conger orbignyanus,Argentine conger
Congridae,Conger and garden eels
Conodon nobilis,Barred grunt
Coregonus,Whitefishes
Coregonus albula,Vendace
Coregonus lavaretus,Common whitefish
Coregonus oxyrinchus,Houting
Coris julis,Mediterranean rainbow wrasse
Coryphaena hippurus,Common dolphinfish
Coryphaenoides rupestris,Roundnose grenadier
Cottidae,Sculpins
Crangon,Sand shrimps
Crangon crangon,Common shrimp
Crangonidae,Crongonid shrimp
Crassostrea,Cupped oysters
Crassostrea gigas,Pacific cupped oyster
Crassostrea iredalei,Slipper cupped oyster
Crassostrea rhizophorae,Mangrove cupped oyster
Crassostrea virginica,American cupped oyster
Crustacea,Crustaceans
Ctenolabrus rupestris,Goldsinny-wrasse
Cyclopterus lumpus,Lumpsucker
Cymbium,Gondolas
Cynoglossidae,Tonguefishes
Cynoscion,Weakfishes
Cynoscion analis,Peruvian weakfish
Cynoscion nebulosus,Spotted weakfish
Cynoscion regalis,Gray weakfish
Cynoscion striatus,South American striped weakfish
Cystophora cristata,Hooded seal
Cyttus novaezealandiae,New Zealand dory
Cyttus traversi,King dory
Dalatias licha,Kitefin shark
Dasyatidae,Stingrays
Dasyatis,Stingrays
Dasyatis akajei,Red stingray
Dasyatis pastinaca,Common stingray
Deania calcea,Birdbeak dogfish
Decapterus,Scads
Decapterus maruadsi,Japanese scad
Decapterus russelli,Indian scad
Delphinapterus leucas,Beluga or white whale
Delphinus capensis,Long-beaked common dolphin
Delphinus delphis,Short beaked common dolphin
Delphinus tropicalis,Arabian common dolphin
Dentex,Seabreams (Dentex spp)
Dentex angolensis,Angola dentex
Dentex congoensis,Congo dentex
Dentex dentex,Common dentex
Dentex macrophthalmus,Large-eye dentex
Diastobranchus capensis,Basketwork eel
Dicentrarchus,European/spotted seabass
Dicentrarchus labrax,European seabass
Dicentrarchus punctatus,Spotted seabass
Dicologlossa cuneata,Wedge sole
Diplectrum formosum,Sand seabass
Diplodus,Seabreams and porgies
Diplodus annularis,Annular seabream
Diplodus argenteus,South American silver porgy
Diplodus cervinus,Zebra seabream
Diplodus puntazzo,Sharpsnout seabream
Diplodus sargus,White seabream
Diplodus vulgaris,Common two-banded seabream
Dipturus batis,Blue skate
Dipturus laevis,Barndoor skate
Dipturus linteus,Sailray
Dipturus nasutus,New Zealand rough skate
Dipturus oxyrinchus,Longnosed skate
Dissostichus,Toothfishes
Dissostichus eleginoides,Patagonian toothfish
Dissostichus mawsoni,Antarctic toothfish
Donax,Donax clams
Dorosoma cepedianum,American gizzard shad
Dosidicus gigas,Jumbo flying squid
Dussumieria acuta,Rainbow sardine
Dussumieria elopsoides,Slender rainbow sardine
Echeneidae,Remoras
Echinoidea,Sea urchins
Echinorhinus brucus,Bramble shark
Echinus esculentus,European edible sea urchin
Elagatis bipinnulata,Rainbow runner
Elasmobranchii,Sharks and rays
Electrona carlsbergi,Carlberg`s lanternfish
Eledone,Horned and musky octopuses
Eledone cirrhosa,Horned octopus
Eleginops maclovinus,Patagonian blennie
Eleginus gracilis,Saffron cod
Eleginus navaga,Navaga
Eleutheronema tetradactylum,Fourfinger threadfin
Elops lacerta,West African ladyfish
Elops saurus,Ladyfish
Emmelichthyidae,Rovers
Emmelichthys nitidus,Redbait
Engraulidae,Anchovies
Engraulis anchoita,Argentine anchoita
Engraulis capensis,Cape anchovy
Engraulis encrasicolus,European anchovy
Engraulis japonicus,Japanese anchovy
Engraulis mordax,Californian anchovy
Engraulis ringens,Anchoveta
Ensis directus,Atlantic razor clam
Eopsetta jordani,Petrale sole
Ephippidae,Spadefishes, batfishes and scats
Epigonus,Cardinalfishes
Epigonus telescopus,Bulls-eye
Epinephelus,Groupers
Epinephelus aeneus,White grouper
Epinephelus analogus,Spotted grouper
Epinephelus coioides,Orange-spotted grouper
Epinephelus fasciatus,Blacktip grouper
Epinephelus flavolimbatus,Yellowedge grouper
Epinephelus goreensis,Dungat grouper
Epinephelus guttatus,Red hind
Epinephelus marginatus,Dusky grouper
Epinephelus morio,Red grouper
Epinephelus nigritus,Warsaw grouper
Epinephelus niveatus,Snowy grouper
Epinephelus striatus,Nassau grouper
Epinephelus tauvina,Greasy grouper
Erignathus barbatus,Bearded seal
Erimacrus isenbeckii,Hair crab
Eschrichtius robustus,Gray whale
Ethmalosa fimbriata,Bonga shad
Ethmidium maculatum,Pacific menhaden
Etmopterus,Lanternsharks
Etmopterus spinax,Velvet belly lantern shark
Etrumeus teres,Round herring
Etrumeus whiteheadi,Whiteheads round herring
Eubalaena australis,Southern right whale
Eubalaena glacialis,North Atlantic right whale
Eumetopias jubatus,Stellers sea lion
Euphausia superba,Antarctic krill
Euthynnus affinis,Kawakawa
Euthynnus alletteratus,Little tunny
Euthynnus lineatus,Black skipjack
Exocoetidae,Flyingfishes
Feresa attenuata,Pygmy killer whale
Fistularia tabacaria,Cornet fish
Gadiformes,Cods
Gadus macrocephalus,Pacific cod
Gadus morhua,Atlantic cod
Gadus ogac,Greenland cod
Gaidropsarus,Rocklings
Galatheidae,Squat lobsters
Galeichthys feliceps,White baggar
Galeocerdo cuvier,Tiger shark
Galeoides decadactylus,Lesser African threadfin
Galeorhinus galeus,Tope shark
Galeus,Catsharks
Galeus melastomus,Blackmouth catshark
Gastropoda,Gastropods
Gempylidae,Snake mackerels
Genyonemus lineatus,White croaker
Genypterus,Cusk eels
Genypterus blacodes,Pink cusk-eel
Genypterus capensis,Kingklip
Genypterus chilensis,Red cusk-eel
Genypterus maculatus,Black cusk-eel
Gerreidae,Mojarras
Gerres,Silver biddies
Gerres nigri,Guinean striped mojarra
Geryon,Deepsea crabs
Geryon quinquedens,Red crab
Ginglymostoma cirratum,Nurse shark
Girella nigricans,Opaleye
Girella tricuspidata,Luderick
Globicephala macrorhynchus,Short-finned pilot whale
Globicephala melas,Long-finned pilot whale
Glossanodon semifasciatus,Deepsea smelt
Glycymeris glycymeris,Dog cockle
Glyptocephalus cynoglossus,Witch
Glyptocephalus zachirus,Rex sole
Gnathanodon speciosus,Golden trevally
Gobiidae,Gobies
Gobionotothen gibberifrons,Humped rockcod
Gobius,Gobies
Gobius niger,Black goby
Grampus griseus,Rissos dolphin
Gymnocranius,Large-eye breams
Gymnosarda unicolor,Dogtooth tuna
Gymnothorax unicolor,Brown moray
Gymnura altavela,Spiny butterfly ray
Haemulidae,Grunts
Halichoerus grypus,Gray seal
Haliotis,Abalones
Haliotis gigantea,Giant abalone
Haliotis midae,Perlemoen abalone
Haliotis rubra,Blacklip abalone
Haliotis tuberculata,Tuberculate abalone
Haliporoides,Knife shrimps
Haliporoides diomedeae,Chilean nylon shrimp
Haliporoides sibogae,Jack-knife shrimp
Haliporoides triarthrus,Knife shrimp
Halobatrachus didactylus,Lusitanian toadfish
Harengula,Herring
Harpadon nehereus,Bombay duck
Helicolenus dactylopterus,Blackbelly rosefish
Hemiramphus,Halfbeaks
Hemiramphus brasiliensis,Ballyhoo
Herklotsichthys quadrimaculatus,Bluestripe herring
Heterocarpus reedi,Chilean nylon shrimp
Heterocarpus vicarius,Northern nylon shrimp
Hexanchus griseus,Bluntnose sixgill shark
Hilsa kelee,Kelee shad
Hippoglossoides elassodon,Flathead sole
Hippoglossoides platessoides,American plaice
Hippoglossus hippoglossus,Atlantic halibut
Hippoglossus stenolepis,Pacific halibut
Histriophoca fasciata,Ribbon seal
Holocentridae,Squirrelfishes, soldierfishes
Holocephali,Chimaeras, ratfish, rabbitfish
Holothuroidea,Sea cucumbers
Homaridae/Paniluridae,Lobsters, spiny-rock lobsters
Homarus americanus,American lobster
Homarus gammarus,European lobster
Hoplostethus atlanticus,Orange roughy
Hydrolagus,Chimaeras
Hydrolagus colliei,Spotted ratfish
Hydrolagus mirabilis,Large-eyed rabbitfish
Hydrolagus novaezealandiae,Dark ghost shark
Hydrurga leptonyx,Leopard seal
Hyperoglyphe antarctica,Antarctic butterfish
Hyperoglyphe bythites,Black driftfish
Hyperoodon ampullatus,Northern bottlenose whale
Hyperoodon planifrons,Southern bottlenose whale
Hypomesus pretiosus,Surf smelt
Hypoptychus dybowskii,Korean sandeel
Hyporhamphus ihi,Garfish
Hyporhamphus sajori,Japanese halfbeak
Ibacus ciliatus,Sand Crayfish
Ilisha africana,West African ilisha
Ilisha elongata,Elongate ilisha
Illex argentinus,Argentine shortfin squid
Illex coindetii,Broadtail shortfin squid
Illex illecebrosus,Northern shortfin squid
Indopacetus pacificus,Longmans beaked whale
Isacia conceptionis,Cabinza grunt
Istiophoridae,Billfishes
Istiophorus albicans,Atlantic sailfish
Istiophorus platypterus,Indo-Pacific sailfish
Isurus,Mako sharks
Isurus oxyrinchus,Shortfin mako
Isurus paucus,Longfin mako
Jasus edwardsii,Red rock lobster
Jasus frontalis,Juan Fernandez rock lobster
Jasus lalandii,Cape rock lobster
Jasus novaehollandiae,Southern rock lobster
Jasus paulensis,St.Paul rock lobster
Jasus tristani,Tristan da Cunha lobster
Jasus verreauxi,Green rock lobster
Joturus pichardi,Bobo mullet
Kathetostoma giganteum,Giant stargazer
Katsuwonus pelamis,Skipjack tuna
Kogia breviceps,Pygmy sperm whale
Kogia simus,Dwarf sperm whale
Konosirus punctatus,Konoshiro gizzard shad
Kyphosus,Sea chubs
Kyphosus cinerascens,Blue seachub
Labridae,Wrasses
Labrus bergylta,Ballan wrasse
Labrus merula,Brown wrasse
Lactarius lactarius,False trevally
Lagenodelphis hosei,Frasers dolphin
Lagenorhynchus acutus,Atlantic white-sided dolphin
Lagenorhynchus albirostris,White-beaked dolphin
Lagenorhynchus australis,Peales dolphin
Lagenorhynchus cruciger,Hourglass dolphin
Lagenorhynchus obliquidens,Pacific white-sided dolphin
Lagenorhynchus obscurus,Dusky dolphin
Lamna nasus,Porbeagle
Lampanyctodes hectoris,Hectors lanternfish
Lampris guttatus,Opah
Larimichthys croceus,Large yellow croaker
Larimichthys polyactis,Yellow croaker
Lateolabrax japonicus,Japanese seaperch
Lates calcarifer,Barramundi
Latridae,Trumpeters
Leiognathidae,Slimys, slipmouths, or ponyfishes
Leiognathus,Slipmouths
Leiostomus xanthurus,Spot croaker
Lepas,Goose barnacles
Lepidocybium flavobrunneum,Escolar
Lepidonotothen kempi,Striped-eye notothen
Lepidonotothen squamifrons,Grey rockcod
Lepidoperca pulchella,Orange perch
Lepidopsetta bilineata,Rock sole
Lepidopus caudatus,Silver scabbardfish
Lepidorhombus,Megrims
Lepidorhombus boscii,Fourspotted megrim
Lepidorhombus whiffiagonis,Megrim
Lepidorhynchus denticulatus,Thorntooth grenadier
Lepidotrigla cavillone,Large-scaled gurnard
Leptonychotes weddellii,Weddell seal
Lethrinidae,Emperors or scavengers
Lethrinus atlanticus,Atlantic emperor
Lethrinus nebulosus,Spangled emperor
Leucoraja circularis,Sandy ray
Leucoraja erinacea,Little skate
Leucoraja fullonica,Shagreen ray
Leucoraja naevus,Cuckoo ray
Lichia amia,Leerfish
Limanda aspera,Yellowfin sole
Limanda ferruginea,Yellowtail flounder
Limanda limanda,Dab
Limulus polyphemus,Horseshoe crab
Liocarcinus depurator,Blue-leg swimcrab
Lissodelphis borealis,Northern right whale dolphin
Lissodelphis peronii,Southern right whale dolphin
Lithodes aequispina,Same-spine stone crab
Lithodes antarcticus,Southern king crab
Lithodes maia,Stone king crab
Lithodidae,King crabs
Lithognathus,Steenbras
Lithognathus lithognathus,White steenbras
Lithognathus mormyrus,Striped seabream
Littorina,Periwinkles
Littorina littorea,Common periwinkle
Liza aurata,Golden grey mullet
Liza klunzingeri,Klunzingers mullet
Liza saliens,Leaping mullet
Lobodon carcinophagus,Crabeater seal
Lobotes surinamensis,Atlantic tripletail
Loliginidae,Common squids
Loligo,Common squids
Loligo forbesii,Veined Squid
Loligo gahi,Patagonian squid
Loligo opalescens,California market squid
Loligo pealeii,Longfin squid
Loligo vulgaris,Cape Hope squid
Lophiidae,Goosefishes
Lophius,Monkfishes
Lophius americanus,American angler
Lophius budegassa,Black-bellied angler
Lophius piscatorius,Angler
Lophius vaillanti,Shortspine African angler
Lophius vomerinus,Cape monk
Lopholatilus chamaeleonticeps,Great northern tilefish
Loxechinus albus,Chilean sea urchin
Lutjanidae,Snappers
Lutjanus,Snappers
Lutjanus argentimaculatus,Mangrove red snapper
Lutjanus argentiventris,Yellow snapper
Lutjanus campechanus,Northern red snapper
Lutjanus johnii,Johns snapper
Lutjanus malabaricus,Malabar blood snapper
Lutjanus purpureus,Southern red snapper
Lutjanus synagris,Lane snapper
Lycodes,Eelpouts
Macrodon ancylodon,King weakfish
Macroramphosidae,Snipefishes
Macroramphosus scolopax,Longspine snipefish
Macrouridae,Grenadiers or rattails
Macrourus,Grenadiers
Macrourus berglax,Onion-eye grenadier
Macrourus carinatus,Ridge scaled rattail
Macrourus holotrachys,Bigeye grenadier
Macrourus whitsoni,Whitson`s grenadier
Macruronus magellanicus,Patagonian grenadier
Macruronus novaezelandiae,Blue grenadier
Mactra sachalinensis,Hen clam
Mactridae,Mactra surf clams
Maja squinado,Spinous spider crab
Makaira indica,Black marlin
Makaira mazara,Indo-Pacific blue marlin
Makaira nigricans,Atlantic blue marlin
Malacanthidae,Tilefishes
Mallotus villosus,Capelin
Marine fishes not identified,Finfishes
Marine fishes not identified,Marine fishes
Marine fishes not identified,Groundfishes
Marine fishes not identified,Pelagic fishes
Martialia hyadesi,Sevenstar flying squid
Maurolicus muelleri,Pearlsides
Megabalanus psittacus,Giant barnacle
Megalaspis cordyla,Torpedo scad
Megalops atlanticus,Tarpon
Megalops cyprinoides,Indo-Pacific tarpon
Meganyctiphanes norvegica,Norwegian krill
Megaptera novaeangliae,Humpback whale
Melanogrammus aeglefinus,Haddock
Mene maculata,Moonfish
Menidia menidia,Atlantic silverside
Menippe mercenaria,Black stone crab
Menticirrhus,Kingcroakers
Menticirrhus littoralis,Gulf kingcroaker
Menticirrhus saxatilis,Northern kingcroaker
Mercenaria mercenaria,Northern quahog
Meretrix,Hard clams
Meretrix lusoria,Japanese hard clam
Merlangius merlangus,Whiting
Merluccius,Hakes
Merluccius angustimanus,Panama hake
Merluccius australis,Southern hake
Merluccius bilinearis,Silver hake
Merluccius capensis,Shallow-water Cape hake
Merluccius gayi gayi,South Pacific hake
Merluccius gayi peruanus,Peruvian hake
Merluccius hubbsi,Argentine hake
Merluccius merluccius,European hake
Merluccius polli,Benguela hake
Merluccius productus,North Pacific hake
Merluccius senegalensis,Senegalese hake
Mesodesma donacium,Macha clam
Mesoplodon bidens,Sowerbys beaked whale
Mesoplodon bowdoini,Andrews beaked whale
Mesoplodon carlhubbsi,Hubbs beaked whale
Mesoplodon densirostris,Blainvilles beaked whale
Mesoplodon europaeus,Gervais beaked whale
Mesoplodon ginkgodens,Ginkgo-toothed beaked whale
Mesoplodon grayi,Grays beaked whale
Mesoplodon hectori,Hectors beaked whale
Mesoplodon layardii,Strap-toothed whale
Mesoplodon mirus,Trues beaked whale
Mesoplodon perrini,Perrins beaked whale
Mesoplodon peruvianus,Pygmy beaked whale
Mesoplodon stejnegeri,Stejnegers beaked whale
Mesoplodon traversii,Spade-toothed beaked whale
Metanephrops,Lobsterette
Metanephrops andamanicus,Andaman lobster
Metanephrops challengeri,New Zealand lobster
Metanephrops mozambicus,Mozambique lobster
Metapenaeus,Metapenaeus shrimps
Metapenaeus endeavouri,Endeavour shrimp
Metapenaeus joyneri,Shiba shrimp
Metapenaeus monoceros,Speckled shrimp
Meuschenia scaber,Velvet leatherjacket
Microchirus,Iberian soles
Microchirus variegatus,Thickback sole
Microcosmus sulcatus,Grooved sea squirt
Microgadus proximus,Pacific tomcod
Microgadus tomcod,Atlantic tomcod
Micromesistius australis,Southern blue whiting
Micromesistius poutassou,Blue whiting
Micropogonias,Western croakers
Micropogonias furnieri,Whitemouth croaker
Micropogonias undulatus,Atlantic croaker
Microstomus kitt,Lemon sole
Microstomus pacificus,Dover sole
Miichthys miiuy,Mi-iuy croaker
Mirounga angustirostris,Northern elephant seal
Mirounga leonina,Southern elephant seal
Miscellaneous diadromous fishes,Diadromous fishes
Miscellaneous marine crustaceans,Marine crustaceans
Miscellaneous marine molluscs,Marine molluscs
Mithrax armatus,Armored spider crab
Modiolus,Horse mussels
Mola mola,Ocean sunfish
Molva,Lings
Molva dypterygia,Blue ling
Molva molva,Ling
Monacanthidae,Filefishes
Monachus monachus,Mediterranean monk seal
Monachus schauinslandi,Hawaiian monk seal
Monodon monoceros,Narwhal
Mora moro,Common mora
Moridae,Codlings
Morone americana,White perch
Morone saxatilis,Striped bass
Mugil,Grey mullets
Mugil cephalus,Flathead mullet
Mugil liza,Liza
Mugil soiuy,So-iuy mullet
Mugilidae,Mullets
Mulinia,Taquilla clams
Mullidae,Goatfishes
Mullus,Western goatfishes
Mullus argentinae,Argentine goatfish
Mullus barbatus,Red mullet
Mullus surmuletus,Striped red mullet
Muraena helena,Mediterranean moray
Muraenesox,Conger eels
Muraenesox cinereus,Daggertooth pike conger
Muraenidae,Moray eels
Muraenolepis,Moray cods
Muraenolepis microps,Smalleye moray cod
Murex,Murex shells
Mustelus,Smooth-hounds
Mustelus asterias,Starry smooth-hound
Mustelus henlei,Brown smooth-hound
Mustelus lenticulatus,Spotted estuary smooth-hound
Mustelus mustelus,Smooth-hound
Mustelus schmitti,Narrownose smooth-hound
Mya arenaria,Sand gaper
Mycteroperca,Cat groupers
Mycteroperca bonaci,Black grouper
Mycteroperca microlepis,Gag
Mycteroperca phenax,Scamp
Mycteroperca venenosa,Yellowfin grouper
Mycteroperca xenarcha,Broomtail grouper
Myctophidae,Lanternfishes
Myliobatidae,Eagle and manta rays
Myliobatis aquila,Common eagle ray
Myoxocephalus,Sculpins
Mytilidae,Sea mussels
Mytilus,Mussels
Mytilus chilensis,Chilean mussel
Mytilus coruscus,Korean mussel
Mytilus edulis,Blue mussel
Mytilus galloprovincialis,Mediterranean mussel
Mytilus planulatus,Australian mussel
Mytilus platensis,River Plata mussel
Myxine glutinosa,Hagfish
Myxinidae,Hagfishes
Necora puber,Velvet swimcrab
Nemadactylus,Porae
Nemadactylus bergi,White morwong
Nemadactylus macropterus,Tarakihi
Nemadactylus monodactylus,St. Pauls fingerfin
Nematopalaemon schmitti,Whitebelly prawn
Nemipteridae,Threadfin breams, Whiptail breams
Nemipterus,Threadfin breams
Nemipterus japonicus,Japanese threadfin bream
Nemipterus virgatus,Golden threadfin bream
Neopagetopsis ionah,Bible icefish
Neophoca cinerea,Australian sea lion
Neophocoena phocaenoides,Finless porpoise
Nephrops norvegicus,Norway lobster
Nezumia aequalis,Common Atlantic grenadier
Nibea mitsukurii,Nibe croaker
Normanichthys crockeri,Normans camote
Notorynchus cepedianus,Broadnose sevengill shark
Notoscopelus,Lampfish
Notothenia coriiceps,Yellowbelly rockcod
Notothenia rossii,Marbled rockcod
Nototheniidae,Cod icefishes
Nototodarus sloanii,Wellington flying squid
Oblada melanura,Saddled seabream
Octopodidae,Octopuses
Octopus,Octopuses
Octopus vulgaris,Common octopus
Ocyurus chrysurus,Yellowtail snapper
Odobenus rosmarus,Walrus
Odontesthes regia,Silverside
Ommastrephes bartramii,Neon flying squid
Ommastrephidae,Arrow squids
Ommatophoca rossii,Ross seal
Oncorhynchus,Pacific salmon
Oncorhynchus gorbuscha,Pink salmon
Oncorhynchus keta,Chum salmon
Oncorhynchus kisutch,Coho salmon
Oncorhynchus masou,Cherry salmon
Oncorhynchus mykiss,Rainbow trout
Oncorhynchus nerka,Sockeye salmon
Oncorhynchus tshawytscha,Chinook salmon
Ophidiidae,Cusk-eels
Ophiodon elongatus,Lingcod
Opisthonema libertate,Pacific thread herring
Opisthonema oglinum,Atlantic thread herring
Orcaella brevirostris,Irrawaddy dolphin
Orcinus orca,Killer whale
Orcynopsis unicolor,Plain bonito
Oreosomatidae,Oreos
Orthopristis chrysoptera,Pigfish
Osmeridae,Smelts
Osmerus eperlanus,European smelt
Osmerus mordax,Atlantic rainbow smelt
Ostraciidae,Boxfishes (cowfish and trunkfish)
Ostrea,Flat oysters
Ostrea chilensis,Chilean flat oyster
Ostrea edulis,European flat oyster
Ostrea lurida,Olympia flat oyster
Ostrea lutaria,New Zealand dredge oyster
Otaria flavescens,South (American) sea lion
Otolithes ruber,Tiger-toothed croaker
Oxynotus centrina,Angular roughshark
Oxynotus paradoxus,Sailfin roughshark
Pagellus,Pandoras
Pagellus acarne,Axillary seabream
Pagellus bellottii bellottii,Red pandora
Pagellus bogaraveo,Blackspot seabream
Pagellus erythrinus,Common pandora
Pagophilus groenlandica,Harp seal
Pagrus,Seabreams (Pagrus spp)
Pagrus auriga,Redbanded seabream
Pagrus caeruleostictus,Bluespotted seabream
Pagrus pagrus,Common seabream
Palaemon longirostris,Delta prawn
Palaemon serratus,Common prawn
Palaemonidae,Palaemonid shrimps
Palinuridae,Spiny lobsters
Palinurus,Spiny lobsters
Palinurus delagoae,Natal spiny lobster
Palinurus elephas,Common spiny lobster
Palinurus gichristi,Southern spiny lobster
Palinurus mauritanicus,Pink spiny lobster
Pampus,Silver pomfrets
Pampus argenteus,Silver pomfret
Pandalidae,Norther shrimps
Pandalopsis japonica,Sidestripe shrimp
Pandalus,Pandalus shrimps
Pandalus borealis,Northern prawn
Pandalus goniurus,Humpy shrimp
Pandalus hypsinotus,Humpback shrimp
Pandalus kessleri,Grass shrimp
Pandalus montagui,Aesop shrimp
Panopea abrupta,Pacific geoduck
Panulirus,Tropical spiny lobsters
Panulirus argus,Caribbean spiny lobster
Panulirus cygnus,Australian spiny lobster
Panulirus gracilis,Blue spiny lobster
Panulirus longipes,Longlegged spiny lobster
Panulirus regius,Royal spiny lobster
Paphia,Short neck clams
Paphies australis,Pipi wedge clam
Paracentrotus lividus,Stony sea urchin
Paralabrax humeralis,Peruvian rock seabass
Paralichthys,American flounders
Paralichthys californicus,California flounder
Paralichthys dentatus,Summer flounder
Paralichthys olivaceus,Bastard halibut
Paralithodes,King crabs
Paralithodes brevipes,Spiny king crab
Paralithodes camtschaticus,Red king crab
Paralithodes platypus,Blue King Crab
Paralomis formosa,Formosan snow crab
Paralomis granulosa,Softshell red crab
Paralomis spinosissima,Antarctic stone crab
Paralonchurus peruanus,Peruvian banded croaker
Parapenaeopsis,Shrimps
Parapenaeopsis atlantica,Guinea shrimp
Parapenaeus longirostris,Deepwater rose shrimp
Parapercis colias,Blue cod
Parapristipoma octolineatum,African striped grunt
Parastromateus niger,Black pomfret
Paratrachichthys trailli,Sandpaper fish
Paristiopterus labiosus,Giant boarfish
Parona signata,Parona leatherjacket
Parophrys vetula,English sole
Patagonotothen brevicauda,Patagonian rockcod
Patagonotothen ramsayi,Ramsay`s icefish
Patella,Limpets
Patinopecten caurinus,Weathervane scallop
Pecten jacobaeus,Great Mediterranean scallop
Pecten maximus,Great Atlantic scallop
Pecten novaezelandiae,New Zealand scallop
Pecten yessoensis,Yesso scallop
Pectinidae,Scallops
Pegusa lascaris,Sand sole
Pellona ditchela,Indian pellona
Penaeidae,Penaeid shrimps
Penaeus,Penaeus shrimps
Penaeus aztecus,Northern brown shrimp
Penaeus brasiliensis,Redspotted shrimp
Penaeus brevirostris,Crystal shrimp
Penaeus californiensis,Yellowleg shrimp
Penaeus chinensis,Fleshy prawn
Penaeus duorarum,Northern pink shrimp
Penaeus indicus,Indian white prawn
Penaeus japonicus,Kuruma prawn
Penaeus kerathurus,Caramote prawn
Penaeus latisulcatus,Western king prawn
Penaeus merguiensis,Banana prawn
Penaeus monodon,Giant tiger prawn
Penaeus notialis,Southern pink shrimp
Penaeus occidentalis,Western white shrimp
Penaeus paulensis,Sao Paulo shrimp
Penaeus penicillatus,Redtail prawn
Penaeus semisulcatus,Green tiger prawn
Penaeus setiferus,Northern white shrimp
Penaeus stylirostris,Blue shrimp
Penaeus vannamei,Whiteleg shrimp
Pennahia anea,Greyfin croaker
Pennahia argentata,White croaker
Pentaceros decacanthus,Bigspined boarfish
Pentanemus quinquarius,Royal threadfin
Peponocephala electra,Melon-headed whale
Peprilus,Harvestfishes
Peprilus alepidotus,Harvestfish
Peprilus simillimus,Pacific pompano
Peprilus triacanthus,American butterfish
Perciformes,Perch-likes
Percophis brasiliensis,Brazilian flathead
Perna perna,South American rock mussel
Perna viridis,Brown mussel
Petromyzon marinus,Sea lamprey
Petrus rupestris,Red steenbras
Phoca largha,Largha or spotted seal
Phoca vitulina,Harbour seal
Phocarctos hookeri,Hookers or New Zealand sea lion
Phocoena dioptrica,Spectacled porpoise
Phocoena phocoena,Harbour porpoise
Phocoena sinus,Vaquita
Phocoena spinipinnis,Burmeisters porpoise
Phocoenoides dalli,Dalls porpoise
Phycis,Gunnels, forkbeards
Phycis blennoides,Greater forkbeard
Phycis phycis,Forkbeard
Physeter macrocephalus,Sperm whale
Pitar rostratus,Rostrate pitar
Placopecten magellanicus,American sea scallop
Platax,Batfishes
Platichthys flesus,Flounder
Platycephalidae,Flatheads
Platycephalus indicus,Bartail flathead
Plectorhinchus macrolepis,Biglip grunt
Plectorhinchus mediterraneus,Rubberlip grunt
Pleoticus muelleri,Argentine red shrimp
Pleoticus robustus,Royal red shrimp
Plesiopenaeus edwardsianus,Scarlet shrimp
Pleuragramma antarcticum,Antarctic silverfish
Pleurogrammus azonus,Okhostk atka mackerel
Pleurogrammus monopterygius,Atka mackerel
Pleuroncodes monodon,Squat Lobster
Pleuroncodes planipes,Pelagic red crab
Pleuronectes platessus,European plaice
Pleuronectes quadrituberculatus,Alaska plaice
Pleuronectidae,Righteye flounders
Pleuronectiformes,Flatfishes
Pleuronichthys decurrens,Curlfin sole
Plotosus,Eel catfishes
Pogonias cromis,Black drum
Pollachius pollachius,Pollack
Pollachius virens,Saithe
Pollicipes pollicipes,European goose barnacle
Polydactylus quadrifilis,Giant African threadfin
Polynemidae,Threadfins
Polyprion americanus,Wreckfish
Polyprion oxygeneios,Hapuka
Pomacanthidae,Angelfishes
Pomadasys argenteus,Silver grunt
Pomadasys incisus,Bastard grunt
Pomadasys jubelini,Sompat grunt
Pomadasys kaakan,Javelin grunter
Pomatomus saltator,Bluefish
Pontinus kuhlii,Offshore rockfish
Pontoporia blainvillei,Franciscana
Portunidae,Swimming crabs
Portunus,Swims crabs
Portunus pelagicus,Blue swimming crab
Portunus trituberculatus,Gazami crab
Priacanthus,Bigeyes
Priacanthus macracanthus,Red bigeye
Prionace glauca,Blue shark
Prionotus,Sea robins
Pristidae,Sawfishes
Pristiophorus,Sawsharks
Promethichthys prometheus,Roudi escolar
Protothaca staminea,Pacific littleneck clam
Protothaca thaca,Taca clam
Psenopsis anomala,Melon seed
Psettichthys melanostictus,West American sand sole
Psettodes belcheri,Spottail spiny turbot
Psettodes bennettii,Spiny turbot
Psettodes erumei,Indian spiny turbot
Pseudocaranx dentex,White trevally
Pseudochaenichthys georgianus,South Georgia icefish
Pseudopentaceros richardsoni,Pelagic armorhead
Pseudopercis semifasciata,Pigletfish
Pseudophycis bachus,Red codling
Pseudopleuronectes americanus,Winter flounder
Pseudopleuronectes herzensteini,Littlemouth flounder
Pseudorca crassidens,False killer whale
Pseudotolithus,Croakers
Pseudotolithus elongatus,Bobo croaker
Pseudotolithus senegalensis,Cassava croaker
Pseudotolithus senegallus,Law croaker
Pseudupeneus prayensis,West African goatfish
Pterogymnus laniarius,Panga seabream
Pteroscion peli,Boe drum
Pterothrissus belloci,Longfin bonefish
Pterygotrigla picta,Spotted gurnard
Pterygotrigla polyommata,Latchet
Pusa hispida,Ringed seal
Pyura chilensis,Red sea squirt
Pyura stolonifera,Red sea squirt
Rachycentron canadum,Cobia
Raja,Skates
Raja asterias,Starry ray
Raja brachyura,Blonde ray
Raja clavata,Thornback ray
Raja microocellata,Small-eyed ray
Raja montagui,Spotted ray
Raja stellulata,Starry skate
Raja undulata,Undulate ray
Rajidae,Skates
Rajiformes,Skates and rays
Rapana,Sea snails
Rastrelliger,Indo-Pacific mackerels
Rastrelliger brachysoma,Short mackerel
Rastrelliger kanagurta,Indian mackerel
Regalecus glesne,King of herrings
Reinhardtius evermanni,Kamchatka flounder
Reinhardtius hippoglossoides,Greenland halibut
Rexea solandri,Silver gemfish
Rhabdosargus globiceps,White stumpnose
Rhinobatidae,Guitarfishes
Rhinobatos,Guitarfish
Rhinobatos percellens,Chola guitarfish
Rhinobatos planiceps,Pacific guitarfish
Rhinochimaera,Spookfishes
Rhinochimaera atlantica,Spearnose chimaera
Rhomboplites aurorubens,Vermilion snapper
Rhombosolea,Flounders
Rhynchobatus djiddensis,Giant guitarfish
Ruditapes decussatus,Grooved carpet shell
Ruditapes philippinarum,Japanese carpet shell
Ruvettus pretiosus,Oilfish
Salilota australis,Tadpole codling
Salmo,Salmon and trout
Salmo salar,Atlantic salmon
Salmo trutta,Sea trout
Salmonidae,Salmonids
Salps,Salpidae
Salvelinus,Char
Salvelinus alpinus,Charr
Sarda chiliensis,Eastern Pacific bonito
Sarda chiliensis lineolata,Pacific bonito
Sarda orientalis,Striped bonito
Sarda sarda,Atlantic bonito
Sardina pilchardus,European pilchard
Sardinella,Sardinella
Sardinella aurita,Round sardinella
Sardinella brasiliensis,Brazilian sardinella
Sardinella gibbosa,Goldstripe sardinella
Sardinella lemuru,Bali sardinella
Sardinella longiceps,Indian oil sardine
Sardinella maderensis,Madeiran sardinella
Sardinella zunasi,Japanese sardinella
Sardinops sagax,South American pilchard
Sarpa salpa,Salema
Saurida tumbil,Greater lizardfish
Saurida undosquamis,Brushtooth lizardfish
Saxidomus giganteus,Butter clam
Scapharca subcrenata,Half-crenated ark
Scaridae,Parrotfishes
Scarus persicus,Gulf parrotfish
Scatophagus,Scats
Schedophilus ovalis,Imperial blackfish
Schedophilus pemarco,Pemarco blackfish
Sciaena gilberti,Corvina
Sciaena umbra,Brown meagre
Sciaenidae,Drums or croakers
Sciaenops ocellatus,Red drum
Sclerocrangon,Sculptured shrimps
Scolopsis,Monocle breams
Scomber,Mackerels
Scomber australasicus,Blue mackerel
Scomber japonicus,Chub mackerel
Scomber scombrus,Atlantic mackerel
Scomberesocidae,Sauries
Scomberesox saurus,Atlantic saury
Scomberoides,Queenfishes
Scomberoides commersonnianus,Talang queenfish
Scomberomorus,Seerfishes
Scomberomorus brasiliensis,Serra Spanish mackerel
Scomberomorus cavalla,King mackerel
Scomberomorus commerson,Narrow-barred Spanish mackerel
Scomberomorus guttatus,Indo-Pacific king mackerel
Scomberomorus lineolatus,Streaked seerfish
Scomberomorus maculatus,Spanish mackerel
Scomberomorus niphonius,Japanese Spanish mackerel
Scomberomorus regalis,Cero
Scomberomorus sierra,Pacific sierra
Scomberomorus tritor,West African Spanish mackerel
Scombridae,Mackerels, tunas, bonitos
Scombroids,Tunas, bonitos, billfishes
Scophthalmidae,Turbots
Scophthalmus aquosus,Windowpane
Scophthalmus maximus,Turbot
Scophthalmus rhombus,Brill
Scorpaena,Scorpionfish
Scorpaena scrofa,Largescaled scorpionfish
Scorpaenichthys marmoratus,Cabezon
Scorpaenidae,Scorpionfishes or rockfishes
Scrobicularia plana,Peppery furrow shell
Scyliorhinidae,Cat sharks
Scyliorhinus,Lesser catsharks
Scyliorhinus canicula,Smallspotted catshark
Scyliorhinus stellaris,Nursehound
Scylla serrata,Indo-Pacific swamp crab
Scyllaridae,Slipper lobsters
Scyllarides latus,Mediterranean slipper lobster
Sebastes,Redfishes
Sebastes alutus,Pacific ocean perch
Sebastes entomelas,Widow rockfish
Sebastes flavidus,Yellowtail rockfish
Sebastes goodei,Chilipepper
Sebastes marinus,Ocean perch
Sebastes melanops,Black rockfish
Sebastes mentella,Deepwater redfish
Sebastes paucispinis,Bocaccio
Sebastes pinniger,Canary rockfish
Sebastes viviparus,Norway redfish
Sebastolobus alascanus,Shortspine thornyhead
Selar crumenophthalmus,Bigeye scad
Selaroides leptolepis,Yellowstripe scad
Selene dorsalis,African moonfish
Selene setapinnis,Atlantic moonfish
Semele solida,Chilean semele
Semicossyphus pulcher,California sheephead
Sepia officinalis,Common cuttlefish
Sepiidae,Cuttlefishes
Sergestidae,Sergestid shrimp
Seriola,Amberjacks
Seriola dumerili,Greater amberjack
Seriola lalandi,Yellowtail amberjack
Seriolella,Barrelfishes
Seriolella brama,Common warehou
Seriolella caerulea,White warehou
Seriolella porosa,Choicy ruff
Seriolella punctata,Silver warehou
Seriolina nigrofasciata,Blackbanded trevally
Serranidae,Sea basses/groupers/fairy basslets
Serranus,Groupers
Sharks, rays, chimaeras,Sharks, rays, skates, etc
Sharks, rays, chimaeras,Cartilaginous fishes
Sharks, rays, chimaeras,Various sharks
Shrimps, prawns,Natantian decapods
Sicyonia brevirostris,Rock shrimp
Sicyonia ingentis,Ridgeback shrimp
Siganus,Rabbitfishes
Siliqua patula,Pacific razor clam
Sillaginidae,Smelt-whitings
Solea,Soles
Solea senegalensis,Senegalese sole
Solea solea,Common sole
Soleidae,Soles
Solen,Razor clams
Solenidae,Razor clams, knife clams
Solenocera agassizii,Kolibri shrimp
Somniosus microcephalus,Greenland shark
Somniosus pacificus,Pacific sleeper shark
Somniosus rostratus,Little sleeper shark
Sotalia fluviatilis,Tucuxi
Sousa chinensis,Pacific hump-backed dolphin
Sousa plumbea,Indian hump-backed dolphin
Sousa teuszii,Atlantic hump-backed dolphin
Spaniblennius riodourensis,Rio de Oreo blenny
Sparidae,Porgies
Sparisoma cretense,Parrotfish
Sparus auratus,Gilthead seabream
Spectrunculus grandis,Pudgy cuskeel
Sphoeroides,Puffers
Sphoeroides maculatus,Northern puffer
Sphyraena,Barracudas
Sphyrna,Hammerhead sharks
Sphyrna lewini,Scalloped hammerhead
Sphyrna zygaena,Smooth hammerhead
Sphyrnidae,Hammer-/bonnet-/scoophead sharks
Spicara,Picarels
Spicara maena,Blotched picarel
Spisula,Surf clam
Spisula ovalis,Venus clam
Spisula polynyma,Stimpsons surf clam
Spisula solida,Surf clam
Spisula solidissima,Atlantic surf clam
Spondyliosoma cantharus,Black seabream
Spratelloides gracilis,Silverstriped round herring
Sprattus fuegensis,Falkland sprat
Sprattus sprattus,European sprat
Sprattus sprattus balticus,Baltic sprat
Squalidae,Dogfish sharks
Squaliformes,Bramble, sleeper, dogfish sharks
Squalus,Dogfishes
Squalus acanthias,Piked dogfish
Squatina argentina,Argentine angelshark
Squatina squatina,Angelshark
Squatinidae,Angel sharks
Squilla mantis,Spottail mantis shrimp
Squillidae,Mantis shrimps
Starfish and other echinoderms,Starfishes
Stenella attenuata,Pantropical spotted dolphin
Stenella clymene,Clymene dolphin
Stenella coeruleoalba,Striped dolphin
Stenella frontalis,Atlantic spotted dolphin
Stenella longirostris,Spinner dolphin
Steno bredanensis,Rough-toothed dolphin
Stenotomus chrysops,Scup
Stephanolepis cirrhifer,Thread-sail filefish
Stereolepis gigas,Giant sea-bass
Stolephorus,Indo-Pacific anchovies
Stomatopoda,Mantis shrimps
Strangomera bentincki,Araucanian herring
Stromateidae,Butterfishes
Stromateus fiatola,Blue butterfish
Strombus,Stromboid conchs
Strongylocentrotus,Sea urchins
Symbolophorus barnardi,Barnard`s lanternfish
Symphodus melops,Corkwing wrasse
Synagrops japonicus,Japanese splitfin
Synodontidae,Lizardfishes
Takifugu vermicularis,Pear puffer
Tapes,Tapes clams
Tapes pullastra,Pullet carpet shell
Tapes rhomboides,Banded carpet shell
Tasmacetus shepherdi,Tasman or Shepherds beaked whale
Tautoga onitis,Tautog
Tautogolabrus adspersus,Cunner
Tawera gayi,Gay`s little venus
Tellina,Tellins
Tenualosa ilisha,Hilsa shad
Tenualosa toli,Toli shad
Terapon,Trumpeters
Tetraodontidae,Puffers
Tetrapturus albidus,Atlantic white marlin
Tetrapturus angustirostris,Shortbill spearfish
Tetrapturus audax,Striped marlin
Tetrapturus pfluegeri,Longbill spearfish
Teuthida,Squids
Thais haemastoma,Hays rock-shell
Thaleichthys pacificus,Eulachon
Thenus orientalis,Flathead lobster
Theragra chalcogramma,Alaska pollack
Thunnus,Tuna
Thunnus alalunga,Albacore
Thunnus albacares,Yellowfin tuna
Thunnus atlanticus,Blackfin tuna
Thunnus maccoyii,Southern bluefin tuna
Thunnus obesus,Bigeye tuna
Thunnus orientalis,Pacific bluefin tuna
Thunnus thynnus,Northern bluefin tuna
Thunnus tonggol,Longtail tuna
Thyrsites atun,Snoek
Thyrsitops lepidopoides,White snake mackerel
Tivela mactroides,Trigonal tivela
Todarodes pacificus,Japanese flying squid
Todarodes sagittatus,European flying squid
Tonna galea,Helmet ton
Torpedinidae,Electric rays
Torpedo,Electric rays
Totoaba macdonaldi,Totoaba
Trachichthyidae,Slimeheads
Trachinidae,Weeverfishes
Trachinotus,Pompanos
Trachinotus blochii,Snubnose pompano
Trachinotus carolinus,Florida pompano
Trachinotus mookalee,Indian pompano
Trachinotus ovatus,Derbio
Trachinus,Weevers
Trachinus draco,Greater weever
Trachipterus,Deaf fishes
Trachurus,Jack mackerels
Trachurus capensis,Cape horse mackerel
Trachurus declivis,Greenback horse mackerel
Trachurus japonicus,Japanese jack mackerel
Trachurus lathami,Rough scad
Trachurus mediterraneus,Mediterranean horse mackerel
Trachurus murphyi,Inca scad
Trachurus picturatus,Blue jack mackerel
Trachurus symmetricus,Pacific jack mackerel
Trachurus trachurus,Atlantic horse mackerel
Trachurus trecae,Cunene horse mackerel
Trachypenaeus curvirostris,Southern rough shrimp
Trematomus eulepidotus,Blunt scalyhead
Trematomus hansoni,Striped rockcod
Tresus,Gaper clams
Triakidae,Houndsharks
Trichiuridae,Cutlassfishes
Trichiurus lepturus,Largehead hairtail
Trigla,Gurnards
Trigla lyra,Piper gurnard
Triglidae,Searobins
Trisopterus esmarkii,Norway pout
Trisopterus luscus,Pouting
Trisopterus minutus,Poor cod
Turbo,Turbo snails
Turbo cornutus,Horned turban
Tursiops aduncus,Indian Ocean bottlenose dolphin
Tursiops truncatus,Bottlenose dolphin
Tylosurus,Needlefishes
Umbrina canariensis,Canary drum
Umbrina canosai,Argentine croaker
Umbrina cirrosa,Shi drum
Upeneus,Tropical goatfishes
Upogebia pugettensis,Blue mud shrimp
Uranoscopus,Stargazers
Urophycis brasiliensis,Brazilian codling
Urophycis chuss,Red hake
Urophycis tenuis,White hake
Valamugil seheli,Bluespot mullet
Veneridae,Venus clams
Venus (=Chamelea) gallina,Striped venus
Venus verrucosa,Warty venus
Xiphias gladius,Swordfish
Xiphopenaeus kroyeri,Atlantic seabob
Xiphopenaeus riveti,Pacific seabob
Zalophus californianus,California sea lion
Zalophus wollebaeki,Galapagos sea lion
Zeidae,Dories
Zenopsis conchifer,Silvery John dory
Zenopsis nebulosus,Mirror dory
Zeus faber,John dory
Zidona dufresnei,Angulate volute
Ziphius cavirostris,Cuviers beaked whale
Zoarces americanus,Ocean pout
Zoarces viviparus,Viviparous blenny
Zygochlamys delicatula,Delicate scallop
Zygochlamys patagonica,Patagonean scallop
