"assessid","stockid","stocklong","issueurl","notes"
"NAFO-SC-GHAL01ABCDEF-1987-2006-PREFONTAINE","GHAL01ABCDEF","Greenland halibut NAFO 01ABCDEF","http://www.marinebiodiversity.ca/RAMlegacy/ramlegacy-bug-reporting/4",""
"DFO-NFLD-MONK2J3KLNOPs-1977-2000-PREFONTAINE","MONK2J3KLNOPs","Monkfish Labrador Shelf - Grand Banks - St. Pierre Bank","http://www.marinebiodiversity.ca/RAMlegacy/ramlegacy-bug-reporting/5",""
"DFO-MAR-WHAKE4VWX5-1964-2005-PREFONTAINE","WHAKE4VWX5","White hake Scotian Shelf, Bay of Fundy and Georges Bank","http://www.marinebiodiversity.ca/RAMlegacy/ramlegacy-bug-reporting/6",""
"NAFO-SC-AMPL3LNO-1955-2007-BAUM","AMPL3LNO","American Plaice NAFO-3LNO","http://www.marinebiodiversity.ca/RAMlegacy/ramlegacy-bug-reporting/7","benevolent dictator QAQC"
"DFO-NFLD-AMPL23K-1960-2004-PREFONTAINE","AMPL23K","American Plaice NAFO-23K","http://www.marinebiodiversity.ca/RAMlegacy/ramlegacy-bug-reporting/8",""
"NEFSC-YELLGB-1935-2008-BAUM","YELLGB","Yellowtail flounder Georges Bank","http://www.marinebiodiversity.ca/RAMlegacy/ramlegacy-bug-reporting/12","benevolent dictator QAQC"
"NEFSC-YELLSNEMATL-1935-2008-BAUM","YELLSNEMATL","Yellowtail Flounder Southern New England-Mid Atlantic","http://www.marinebiodiversity.ca/RAMlegacy/ramlegacy-bug-reporting/14","benevolent dictator QAQC"
"SPC-SKJCWPAC-1972-2006-JENSEN","SKJCWPAC","Skipjack tuna Central Western Pacific","http://www.marinebiodiversity.ca/RAMlegacy/ramlegacy-bug-reporting/15",""
"SEFSC-GAGSATLC-1962-2005-JENSEN","GAGSATLC","Gag Southern Atlantic coast","http://www.marinebiodiversity.ca/RAMlegacy/ramlegacy-bug-reporting/17",""
"SEFSC-GAGGM-1963-2004-JENSEN","GAGGM","Gag Gulf of Mexico","http://www.marinebiodiversity.ca/RAMlegacy/ramlegacy-bug-reporting/18",""
"SEFSC-VSNAPGM-1981-2004-JENSEN","VSNAPGM","Vermilion snapper Gulf of Mexico","http://www.marinebiodiversity.ca/RAMlegacy/ramlegacy-bug-reporting/19",""
"SEFSC-GRAMBERGM-1986-2004-JENSEN","GRAMBERGM","Greater amberjack Gulf of Mexico","http://www.marinebiodiversity.ca/RAMlegacy/ramlegacy-bug-reporting/20",""
"NWFSC-ESOLEPCOAST-1876-2007-BRANCH","ESOLEPCOAST","English sole Pacific Coast","http://www.marinebiodiversity.ca/RAMlegacy/ramlegacy-bug-reporting/21",NA
"NWFSC-ARFLOUNDPCOAST-1916-2007-BRANCH","ARFLOUNDPCOAST","Arrowtooth flounder Pacific Coast","http://www.marinebiodiversity.ca/RAMlegacy/ramlegacy-bug-reporting/22",""
"ICCAT-ATBTUNAWATL-1969-2007-WORM","ATBTUNAWATL","Bluefin tuna Western Atlantic","http://www.marinebiodiversity.ca/RAMlegacy/ramlegacy-bug-reporting/23",""
"ICCAT-ALBANATL-1929-2005-WORM","ALBANATL","Albacore tuna North Atlantic","http://www.marinebiodiversity.ca/RAMlegacy/ramlegacy-bug-reporting/24",""
"WGBFAS-CODBA2224-1969-2007-JENNINGS","CODBA2224","Atlantic cod Baltic Areas 22 and 24","http://www.marinebiodiversity.ca/RAMlegacy/ramlegacy-bug-reporting/26",""
"WGBFAS-CODBA2532-1964-2007-JENNINGS","CODBA2532","Atlantic cod Baltic Areas 25-32","http://www.marinebiodiversity.ca/RAMlegacy/ramlegacy-bug-reporting/27",""
"WGNSSK-HADROCK-1990-2007-JENNINGS","HADROCK","Haddock Rockall Bank","http://www.marinebiodiversity.ca/RAMlegacy/ramlegacy-bug-reporting/28",""
"WGBFAS-HERR2532-1973-2006-JENNINGS","HERR2532","Herring ICES 25-32","http://www.marinebiodiversity.ca/RAMlegacy/ramlegacy-bug-reporting/29",""
"WGBFAS-HERR30-1972-2007-JENNINGS","HERR30","Herring ICES 30","http://www.marinebiodiversity.ca/RAMlegacy/ramlegacy-bug-reporting/30",""
"WGBFAS-HERR31-1979-2006-JENNINGS","HERR31","Herring ICES 31","http://www.marinebiodiversity.ca/RAMlegacy/ramlegacy-bug-reporting/31",""
"WGBFAS-HERRRIGA-1976-2007-JENNINGS","HERRRIGA","Herring ICES 28","http://www.marinebiodiversity.ca/RAMlegacy/ramlegacy-bug-reporting/32",""
"WGHMM-HAKENRTN-1977-2007-JENNINGS","HAKENRTN","Hake Northeast Atlantic North","http://www.marinebiodiversity.ca/RAMlegacy/ramlegacy-bug-reporting/33",""
"WGHMM-HAKESOTH-1982-2007-JENNINGS","HAKESOTH","Hake Northeast Atlantic South","http://www.marinebiodiversity.ca/RAMlegacy/ramlegacy-bug-reporting/34",""
"WGBFAS-SPRAT22-32-1973-2007-JENNINGS","SPRAT22-32","Sprat ICES Baltic Areas 22-32","http://www.marinebiodiversity.ca/RAMlegacy/ramlegacy-bug-reporting/35",""
"NWFSC-BLACKROCKSPCOAST-1915-2007-BRANCH","BLACKROCKSPCOAST","Black rockfish Southern Pacific Coast","http://www.marinebiodiversity.ca/RAMlegacy/ramlegacy-bug-reporting/37",""
"NWFSC-BLACKROCKNPCOAST-1914-2006-BRANCH","BLACKROCKNPCOAST","Black rockfish Northern Pacific Coast","http://www.marinebiodiversity.ca/RAMlegacy/ramlegacy-bug-reporting/38",""
"NWFSC-BLUEROCKCAL-1916-2007-BRANCH","BLUEROCKCAL","Blue rockfish California","http://www.marinebiodiversity.ca/RAMlegacy/ramlegacy-bug-reporting/39",""
"NWFSC-COWCODSCAL-1900-2007-BRANCH","COWCODSCAL","Cowcod Southern California","http://www.marinebiodiversity.ca/RAMlegacy/ramlegacy-bug-reporting/40",""
"NWFSC-LNOSESKAPCOAST-1915-2007-BRANCH","LNOSESKAPCOAST","Longnose skate Pacific Coast","http://www.marinebiodiversity.ca/RAMlegacy/ramlegacy-bug-reporting/41",""
"NWFSC-SABLEFPCOAST-1900-2007-BRANCH","SABLEFPCOAST","Sablefish Pacific Coast","http://www.marinebiodiversity.ca/RAMlegacy/ramlegacy-bug-reporting/42",""
"NWFSC-DKROCKPCOAST-1928-2007-BRANCH","DKROCKPCOAST","Darkblotched rockfish Pacific Coast","http://www.marinebiodiversity.ca/RAMlegacy/ramlegacy-bug-reporting/43",""
"WGMHSA-ANCHOBAYB-1986-2007-JENNINGS","ANCHOBAYB","Anchovy ICES VIII","http://www.marinebiodiversity.ca/RAMlegacy/ramlegacy-bug-reporting/44",""
"WGSSDS-HADVIIb-k-1993-2006-JENNINGS","HADVIIb-k","Haddock ICES VIIb-k","http://www.marinebiodiversity.ca/RAMlegacy/ramlegacy-bug-reporting/46",""
"WGBFAS-HERRIsum-1983-2007-JENNINGS","HERRIsum","Herring Iceland (Summer spawners)","http://www.marinebiodiversity.ca/RAMlegacy/ramlegacy-bug-reporting/47",""
"WGMHSA-MACKNEICES-1972-2007-JENNINGS","MACKNEICES","Mackerel ICES Northeast Atlantic","http://www.marinebiodiversity.ca/RAMlegacy/ramlegacy-bug-reporting/48",""
"WGHMM-FMEG8c9a-1986-2006-JENNINGS","FMEG8c9a","Fourspotted megrim ICES VIIIc-IXa","http://www.marinebiodiversity.ca/RAMlegacy/ramlegacy-bug-reporting/49",""
"WGHMM-MEG8c9a-1985-2007-JENNINGS","MEG8c9a","Megrim ICES VIIIc-IXa","http://www.marinebiodiversity.ca/RAMlegacy/ramlegacy-bug-reporting/50",""
"WGSSDS-PLAICCELT-1976-2006-JENNINGS","PLAICCELT","European Plaice ICES VIIf-g","http://www.marinebiodiversity.ca/RAMlegacy/ramlegacy-bug-reporting/51",""
"WGSSDS-PLAICECHW-1975-2006-JENNINGS","PLAICECHW","European Plaice ICES VIIe","http://www.marinebiodiversity.ca/RAMlegacy/ramlegacy-bug-reporting/52",""
"WGMHSA-SARDPVIIIc-IXa-1978-2007-JENNINGS","SARDPVIIIc-IXa","European pilchard ICES VIIIc-IXa","http://www.marinebiodiversity.ca/RAMlegacy/ramlegacy-bug-reporting/53",""
"WGHMM-SOLEVIII-1982-2006-JENNINGS","SOLEVIII","common European sole Bay of Biscay","http://www.marinebiodiversity.ca/RAMlegacy/ramlegacy-bug-reporting/54",""
"WGSSDS-SOLECS-1970-2006-JENNINGS","SOLECS","common European sole Celtic Sea","http://www.marinebiodiversity.ca/RAMlegacy/ramlegacy-bug-reporting/55",""
"IATTC-YFINEPAC-1975-2007-JENSEN","YFINEPAC","Yellowfin tuna Eastern Pacific","http://www.marinebiodiversity.ca/RAMlegacy/ramlegacy-bug-reporting/56","benevolent dictator QAQC"
"SPC-ALBASPAC-1959-2006-JENSEN","ALBASPAC","Albacore tuna South Pacific Ocean","http://www.marinebiodiversity.ca/RAMlegacy/ramlegacy-bug-reporting/57",""
"ICCAT-SWORDMED-1968-2006-JENSEN","SWORDMED","Swordfish Mediterranean Sea","http://www.marinebiodiversity.ca/RAMlegacy/ramlegacy-bug-reporting/58","benevolent dictator QAQC"
"SPC-BIGEYEWPO-1952-2006-JENSEN","BIGEYEWPO","Bigeye tuna Western Pacific Ocean","http://www.marinebiodiversity.ca/RAMlegacy/ramlegacy-bug-reporting/59",""
"SPC-YFINCWPAC-1952-2005-JENSEN","YFINCWPAC","Yellowfin tuna Central Western Pacific","http://www.marinebiodiversity.ca/RAMlegacy/ramlegacy-bug-reporting/60",""
"NWFSC-BOCACCSPCOAST-1951-2006-BRANCH","BOCACCSPCOAST","Bocaccio Southern Pacific Coast","http://www.marinebiodiversity.ca/RAMlegacy/ramlegacy-bug-reporting/61",NA
"NWFSC-WROCKPCOAST-1955-2006-BRANCH","WROCKPCOAST","Widow rockfish Pacific Coast","http://www.marinebiodiversity.ca/RAMlegacy/ramlegacy-bug-reporting/62",""
"NWFSC-POPERCHPCOAST-1953-2007-BRANCH","POPERCHPCOAST","Pacific ocean perch Pacific Coast","http://www.marinebiodiversity.ca/RAMlegacy/ramlegacy-bug-reporting/63",NA
"NWFSC-YEYEROCKPCOAST-1923-2006-BRANCH","YEYEROCKPCOAST","Yelloweye rockfish Pacific Coast","http://www.marinebiodiversity.ca/RAMlegacy/ramlegacy-bug-reporting/65",NA
"SWFSC-SBELLYROCKPCOAST-1950-2005-BRANCH","SBELLYROCKPCOAST","Shortbelly rockfish Pacific Coast","http://www.marinebiodiversity.ca/RAMlegacy/ramlegacy-bug-reporting/66",NA
"SEFSC-GTRIGGM-1981-2004-JENSEN","GTRIGGM","Gray triggerfish Gulf of Mexico","http://www.marinebiodiversity.ca/RAMlegacy/ramlegacy-bug-reporting/67","benevolent dictator QAQC"
"SEFSC-RGROUPGM-1986-2005-JENSEN","RGROUPGM","Red grouper Gulf of Mexico","http://www.marinebiodiversity.ca/RAMlegacy/ramlegacy-bug-reporting/68",""
"SEFSC-RSNAPSATLC-1945-2006-JENSEN","RSNAPSATLC","Red snapper Southern Atlantic coast","http://www.marinebiodiversity.ca/RAMlegacy/ramlegacy-bug-reporting/69","benevolent dictator QAQC"
"SEFSC-GRAMBERSATLC-1946-2006-JENSEN","GRAMBERSATLC","Greater amberjack Southern Atlantic coast","http://www.marinebiodiversity.ca/RAMlegacy/ramlegacy-bug-reporting/70","benevolent dictator QAQC"
"SEFSC-KMACKGM-1992-2001-JENSEN","KMACKGM","King mackerel Gulf of Mexico","http://www.marinebiodiversity.ca/RAMlegacy/ramlegacy-bug-reporting/71","benevolent dictator QAQC"
"SEFSC-KMACKSATLC-1981-2001-JENSEN","KMACKSATLC","King mackerel Southern Atlantic Coast","http://www.marinebiodiversity.ca/RAMlegacy/ramlegacy-bug-reporting/72","benevolent dictator QAQC"
"SEFSC-RPORGYSATLC-1972-2004-JENSEN","RPORGYSATLC","Red porgy Southern Atlantic coast","http://www.marinebiodiversity.ca/RAMlegacy/ramlegacy-bug-reporting/73",""
"NWFSC-PHAKEPCOAST-1966-2008-BRANCH","PHAKEPCOAST","Pacific hake Pacific Coast","http://www.marinebiodiversity.ca/RAMlegacy/ramlegacy-bug-reporting/74",NA
"SEFSC-SPANMACKSATLC-1950-2008-JENSEN","SPANMACKSATLC","Spanish mackerel Southern Atlantic Coast","http://www.marinebiodiversity.ca/RAMlegacy/ramlegacy-bug-reporting/75",""
"AFWG-GHALNEAR-1959-2007-JENNINGS","GHALNEAR","Greenland halibut Northeast Arctic","http://www.marinebiodiversity.ca/RAMlegacy/ramlegacy-bug-reporting/76",""
"HAWG-HERRNIRS-1960-2006-JENNINGS","HERRNIRS","Herring Northern Irish Sea","http://www.marinebiodiversity.ca/RAMlegacy/ramlegacy-bug-reporting/77",""
"WGSSDS-SOLEVIIe-1968-2006-JENNINGS","SOLEVIIe","common European sole Western English Channel","http://www.marinebiodiversity.ca/RAMlegacy/ramlegacy-bug-reporting/78",""
"WGNPBW-BWHITNEA-1980-2007-JENNINGS","BWHITNEA","Whiting Northeast Atlantic","http://www.marinebiodiversity.ca/RAMlegacy/ramlegacy-bug-reporting/79",""
"WGBFAS-SOLEIIIa-1982-2007-JENNINGS","SOLEIIIa","common European sole ICES Kattegat and Skagerrak","http://www.marinebiodiversity.ca/RAMlegacy/ramlegacy-bug-reporting/80",""
"WGSSDS-WHITVIIek-1982-2007-JENNINGS","WHITVIIek","Whiting ICES VIIe-k","http://www.marinebiodiversity.ca/RAMlegacy/ramlegacy-bug-reporting/81",""
"NEFSC-HADGB-1930-2008-BAUM","HADGB","Haddock Georges Bank","http://www.marinebiodiversity.ca/RAMlegacy/ramlegacy-bug-reporting/82","benevolent dictator QAQC"
"NWFSC-CHILISPCOAST-1892-2007-BRANCH","CHILISPCOAST","Chilipepper Southern Pacific Coast","http://www.marinebiodiversity.ca/RAMlegacy/ramlegacy-bug-reporting/83",NA
"NWFSC-CROCKPCOAST-1916-2009-Stachura","CROCKPCOAST","Canary rockfish Pacific Coast","http://www.marinebiodiversity.ca/RAMlegacy/ramlegacy-bug-reporting/84",NA
"SEFSC-MUTSNAPSATLCGM-1981-2006-JENSEN","MUTSNAPSATLCGM","Mutton snapper Southern Atlantic coast and Gulf of Mexico","http://www.marinebiodiversity.ca/RAMlegacy/ramlegacy-bug-reporting/85","benevolent dictator QAQC"
"TAFI-TASGIANTCRABTAS-1990-2007-JENSEN","TASGIANTCRABTAS","Tasmanian giant crab Tasmania","http://www.marinebiodiversity.ca/RAMlegacy/ramlegacy-bug-reporting/86","benevolent dictator QAQC"
"IATTC-BIGEYEEPAC-1975-2007-JENSEN","BIGEYEEPAC","Bigeye tuna Eastern Pacific","http://www.marinebiodiversity.ca/RAMlegacy/ramlegacy-bug-reporting/87","benevolent dictator QAQC"
"CSIRO-GEMFISHSE-1966-2007-FULTON","GEMFISHSE","common gemfish Southeast Australia","http://www.marinebiodiversity.ca/RAMlegacy/ramlegacy-bug-reporting/88",""
"CSIRO-NZLINGESE-1968-2007-FULTON","NZLINGESE","New Zealand ling Eastern half of Southeast Australia","http://www.marinebiodiversity.ca/RAMlegacy/ramlegacy-bug-reporting/89",""
"CSIRO-MORWONGSE-1913-2007-FULTON","MORWONGSE","Jackass morwong Southeast Australia","http://www.marinebiodiversity.ca/RAMlegacy/ramlegacy-bug-reporting/90",""
"CSIRO-SILVERFISHSE-1978-2006-FULTON","SILVERFISHSE","Silverfish Southeast Australia","http://www.marinebiodiversity.ca/RAMlegacy/ramlegacy-bug-reporting/91",""
"CSIRO-TIGERFLATSE-1913-2006-FULTON","TIGERFLATSE","Tiger flathead Southeast Australia","http://www.marinebiodiversity.ca/RAMlegacy/ramlegacy-bug-reporting/92",""
"CSIRO-NZLINGWSE-1968-2007-FULTON","NZLINGWSE","New Zealand ling Western half of Southeast Australia","http://www.marinebiodiversity.ca/RAMlegacy/ramlegacy-bug-reporting/93",""
"CSIRO-SWHITSE-1945-2007-FULTON","SWHITSE","School whiting Southeast Australia","http://www.marinebiodiversity.ca/RAMlegacy/ramlegacy-bug-reporting/94",""
"CSIRO-BTSHRIMPNAUST-1970-2006-FULTON","BTSHRIMPNAUST","Northern Australia brown tiger shrimp","http://www.marinebiodiversity.ca/RAMlegacy/ramlegacy-bug-reporting/95",""
"CSIRO-OROUGHYCASCADE-1987-2006-FULTON","OROUGHYCASCADE","Orange roughy Cascade Plateau","http://www.marinebiodiversity.ca/RAMlegacy/ramlegacy-bug-reporting/96",""
"CSIRO-WAREHOUWSE-1984-2006-FULTON","WAREHOUWSE","Blue Warehou Western half of Southeast Australia","http://www.marinebiodiversity.ca/RAMlegacy/ramlegacy-bug-reporting/97",""
"CSIRO-OROUGHYSE-1978-2007-FULTON","OROUGHYSE","Orange roughy Southeast Australia","http://www.marinebiodiversity.ca/RAMlegacy/ramlegacy-bug-reporting/98",""
"CSIRO-DEEPFLATHEADSE-1978-2007-FULTON","DEEPFLATHEADSE","Deepwater flathead Southeast Australia","http://www.marinebiodiversity.ca/RAMlegacy/ramlegacy-bug-reporting/99",""
"CSIRO-BIGHTREDSE-1958-2007-FULTON","BIGHTREDSE","Bight redfish Southeast Australia","http://www.marinebiodiversity.ca/RAMlegacy/ramlegacy-bug-reporting/100",""
"CSIRO-WAREHOUESE-1984-2006-FULTON","WAREHOUESE","Blue Warehou Eastern half of Southeast Australia","http://www.marinebiodiversity.ca/RAMlegacy/ramlegacy-bug-reporting/101",""
"CSIRO-GTPRAWNNAUST-1970-2006-FULTON","GTPRAWNNAUST","Northern Australia grooved Tiger Prawn","http://www.marinebiodiversity.ca/RAMlegacy/ramlegacy-bug-reporting/102",""
"INIDEP-ARGHAKESARG-1985-2008-Parma","ARGHAKESARG","Argentine hake Southern Argentina","http://www.marinebiodiversity.ca/RAMlegacy/ramlegacy-bug-reporting/103",""
"INIDEP-ARGHAKENARG-1985-2007-Parma","ARGHAKENARG","Argentine hake Northern Argentina","http://www.marinebiodiversity.ca/RAMlegacy/ramlegacy-bug-reporting/104",""
"DFO-HAD5Zejm-1968-2003-PREFONTAINE","HAD5Zejm","Haddock NAFO-5Zejm","http://www.marinebiodiversity.ca/RAMlegacy/ramlegacy-bug-reporting/105",""
"DFO-PAC-ESOLEHS-1944-2001-COLLIE","ESOLEHS","English sole Hecate Strait","http://www.marinebiodiversity.ca/RAMlegacy/ramlegacy-bug-reporting/106",""
"DFO-PAC-RSOLEHSTR-1945-2001-COLLIE","RSOLEHSTR","Rock sole Hecate Strait","http://www.marinebiodiversity.ca/RAMlegacy/ramlegacy-bug-reporting/107",""
"NEFSC-CODGB-1960-2008-BAUM","CODGB","Atlantic cod Georges Bank","http://www.marinebiodiversity.ca/RAMlegacy/ramlegacy-bug-reporting/109","benevolent dictator QAQC"
"NEFSC-CODGOM-1893-2008-BAUM","CODGOM","Atlantic cod Gulf of Maine","http://www.marinebiodiversity.ca/RAMlegacy/ramlegacy-bug-reporting/110","benevolent dictator QAQC"
"NEFSC-YELLCCODGOM-1935-2008-LEGAULT","YELLCCODGOM","Yellowtail flounder Cape Cod / Gulf of Maine","http://www.marinebiodiversity.ca/RAMlegacy/ramlegacy-bug-reporting/111","benevolent dictator QAQC"
"NEFSC-AMPL5YZ-1960-2008-OBRIEN","AMPL5YZ","American Plaice NAFO-5YZ","http://www.marinebiodiversity.ca/RAMlegacy/ramlegacy-bug-reporting/112","benevolent dictator QAQC"
"NEFSC-OPOUTNWATLC-1962-2008-WIGLEY","OPOUTNWATLC","Ocean pout Northwestern Atlantic Coast","http://www.marinebiodiversity.ca/RAMlegacy/ramlegacy-bug-reporting/113","benevolent dictator QAQC"
"NEFSC-WITFLOUN5Y-1982-2008-WIGLEY","WITFLOUN5Y","Witch Flounder NAFO-5Y","http://www.marinebiodiversity.ca/RAMlegacy/ramlegacy-bug-reporting/114","benevolent dictator QAQC"
"NEFSC-HAD5Y-1956-2008-BAUM","HAD5Y","Haddock NAFO-5Y","http://www.marinebiodiversity.ca/RAMlegacy/ramlegacy-bug-reporting/116","benevolent dictator QAQC"
"NEFSC-WINFLOUNSNEMATL-1940-2007-TERCEIRO","WINFLOUNSNEMATL","Winter Flounder Southern New England-Mid Atlantic","http://www.marinebiodiversity.ca/RAMlegacy/ramlegacy-bug-reporting/117","benevolent dictator QAQC"
"INIDEP-SBWHITARGS-1985-2007-Parma","SBWHITARGS"," Southern blue whiting Southern Argentina","http://www.marinebiodiversity.ca/RAMlegacy/ramlegacy-bug-reporting/119",""
"INIDEP-ARGANCHOSARG-1992-2007-Parma","ARGANCHOSARG","Argentine anchoita Southern Argentina","http://www.marinebiodiversity.ca/RAMlegacy/ramlegacy-bug-reporting/121",""
"INIDEP-ARGANCHONARG-1989-2007-Parma","ARGANCHONARG","Argentine anchoita Northern Argentina","http://www.marinebiodiversity.ca/RAMlegacy/ramlegacy-bug-reporting/122",""
"MARAM-ANCHOSA-1984-2006-deMoor","ANCHOSA","Anchovy South Africa","http://www.marinebiodiversity.ca/RAMlegacy/ramlegacy-bug-reporting/126",""
"MARAM-SARDSA-1984-2006-deMoor","SARDSA","Sardine South Africa","http://www.marinebiodiversity.ca/RAMlegacy/ramlegacy-bug-reporting/127","benevolent dictator QAQC"
"ICCAT-ATBTUNAEATL-1969-2007-WORM","ATBTUNAEATL","Bluefin tuna Eastern Atlantic","http://www.marinebiodiversity.ca/RAMlegacy/ramlegacy-bug-reporting/128",""
"MARAM-SSLOBSTERSASC-1973-2008-Johnston","SSLOBSTERSASC","Southern spiny lobster South Africa South coast","http://www.marinebiodiversity.ca/RAMlegacy/ramlegacy-bug-reporting/133",""
"MARAM-CTRACSA-1950-2007-Johnston","CTRACSA","Cape horse mackerel South Africa South coast","http://www.marinebiodiversity.ca/RAMlegacy/ramlegacy-bug-reporting/134","benevolent dictator QAQC"
"MARAM-CRLOBSTERSA12-1910-2008-Johnston","CRLOBSTERSA12","South African west coast rock lobster South Africa Areas 1-2","http://www.marinebiodiversity.ca/RAMlegacy/ramlegacy-bug-reporting/135","benevolent dictator QAQC"
"MARAM-CRLOBSTERSA34-1910-2008-Johnston","CRLOBSTERSA34","South African west coast rock lobster South Africa Areas 3-4","http://www.marinebiodiversity.ca/RAMlegacy/ramlegacy-bug-reporting/136","benevolent dictator QAQC"
"MARAM-CRLOBSTERSA56-1910-2008-Johnston","CRLOBSTERSA56","South African west coast rock lobster South Africa Areas 5-6","http://www.marinebiodiversity.ca/RAMlegacy/ramlegacy-bug-reporting/137","benevolent dictator QAQC"
"MARAM-CRLOBSTERSA7-1910-2008-Johnston","CRLOBSTERSA7","South African west coast rock lobster South Africa Area 7","http://www.marinebiodiversity.ca/RAMlegacy/ramlegacy-bug-reporting/138","benevolent dictator QAQC"
"MARAM-CRLOBSTERSA8-1910-2008-Johnston","CRLOBSTERSA8","South African west coast rock lobster South Africa Area 8","http://www.marinebiodiversity.ca/RAMlegacy/ramlegacy-bug-reporting/139","benevolent dictator QAQC"
"SEFSC-MENATGM-1964-2004-GILROY","MENATGM","Gulf menhaden Gulf of Mexico","http://www.marinebiodiversity.ca/RAMlegacy/ramlegacy-bug-reporting/141",NA
"INIDEP-PATGRENADIERSARG-1983-2006-Parma","PATGRENADIERSARG","Patagonian grenadier Southern Argentina","http://www.marinebiodiversity.ca/RAMlegacy/ramlegacy-bug-reporting/148",""
"DFO-NFLD-COD2J3KLIS-1959-2006-PREFONTAINE","COD2J3KLIS","Atlantic cod NAFO 2J3KL inshore","http://www.marinebiodiversity.ca/RAMlegacy/ramlegacy-bug-reporting/152","benevolent dictator QAQC"
"NAFO-SC-COD3NO-1953-2007-BAUM","COD3NO","Atlantic cod NAFO 3NO","http://www.marinebiodiversity.ca/RAMlegacy/ramlegacy-bug-reporting/153",""
"DFO-QUE-COD3Pn4RS-1964-2007-PREFONTAINE","COD3Pn4RS","Atlantic cod NAFO 3Pn4RS","http://www.marinebiodiversity.ca/RAMlegacy/ramlegacy-bug-reporting/154",""
"DFO-NFLD-COD3Ps-1959-2004-PREFONTAINE","COD3Ps","Atlantic cod NAFO 3Ps","http://www.marinebiodiversity.ca/RAMlegacy/ramlegacy-bug-reporting/155",""
"DFO-SG-COD4TVn-1965-2009-RICARD","COD4TVn","Atlantic cod NAFO 4TVn","http://www.marinebiodiversity.ca/RAMlegacy/ramlegacy-bug-reporting/156",""
"NZMFishMIDDEPTHSWG-NZLINGLIN3-4-1972-2007-JENSEN","NZLINGLIN3-4","New Zealand ling New Zealand Areas LIN 3 and 4","http://www.marinebiodiversity.ca/RAMlegacy/ramlegacy-bug-reporting/157","benevolent dictator QAQC"
"NZMFishMIDDEPTHSWG-NZLINGLIN6b-1980-2006-JENSEN","NZLINGLIN6b","New Zealand ling New Zealand Area LIN 6b","http://www.marinebiodiversity.ca/RAMlegacy/ramlegacy-bug-reporting/158","benevolent dictator QAQC"
"NZMFishMIDDEPTHSWG-NZLINGLIN5-6-1972-2007-JENSEN","NZLINGLIN5-6","New Zealand ling New Zealand Areas LIN 5 and 6","http://www.marinebiodiversity.ca/RAMlegacy/ramlegacy-bug-reporting/159","benevolent dictator QAQC"
"NZMFishMIDDEPTHSWG-NZLINGLIN72-1972-2007-JENSEN","NZLINGLIN72","New Zealand ling New Zealand Area LIN 72","http://www.marinebiodiversity.ca/RAMlegacy/ramlegacy-bug-reporting/160","benevolent dictator QAQC"
"NZMFishMIDDEPTHSWG-NZLINGLIN7WC-1972-2008-JENSEN","NZLINGLIN7WC","New Zealand ling New Zealand Area LIN 7WC - WCSI","http://www.marinebiodiversity.ca/RAMlegacy/ramlegacy-bug-reporting/161","benevolent dictator QAQC"
"DFO-MAR-COD4VsW-1958-2002-PREFONTAINE","COD4VsW","Atlantic cod NAFO 4VsW","http://www.marinebiodiversity.ca/RAMlegacy/ramlegacy-bug-reporting/162",""
"DFO-COD5Zjm-1978-2003-PREFONTAINE","COD5Zjm","Atlantic cod NAFO 5Zjm","http://www.marinebiodiversity.ca/RAMlegacy/ramlegacy-bug-reporting/163",""
"NAFO-SC-GHAL23KLMNO-1960-2006-PREFONTAINE","GHAL23KLMNO","Greenland halibut NAFO 23KLMNO","http://www.marinebiodiversity.ca/RAMlegacy/ramlegacy-bug-reporting/164","benevolent dictator QAQC"
"DFO-QUE-GHAL4RST-1970-2002-PREFONTAINE","GHAL4RST","Greenland halibut NAFO 4RST","http://www.marinebiodiversity.ca/RAMlegacy/ramlegacy-bug-reporting/165","benevolent dictator QAQC"
"DFO-MAR-HAD4X5Y-1960-2003-PREFONTAINE","HAD4X5Y","Haddock NAFO-4X5Y","http://www.marinebiodiversity.ca/RAMlegacy/ramlegacy-bug-reporting/166",""
"DFO-QUE-HERR4RFA-1971-2003-PREFONTAINE","HERR4RFA","Herring NAFO 4R fall spawners","http://www.marinebiodiversity.ca/RAMlegacy/ramlegacy-bug-reporting/167",""
"DFO-QUE-HERR4RSP-1963-2004-PREFONTAINE","HERR4RSP","Herring NAFO 4R spring spawners","http://www.marinebiodiversity.ca/RAMlegacy/ramlegacy-bug-reporting/168",""
"DFO-SG-HERR4TFA-1974-2007-PREFONTAINE","HERR4TFA","Herring NAFO 4T fall spawners","http://www.marinebiodiversity.ca/RAMlegacy/ramlegacy-bug-reporting/169",""
"DFO-SG-HERR4TSP-1974-2007-PREFONTAINE","HERR4TSP","Herring NAFO 4T spring spawners","http://www.marinebiodiversity.ca/RAMlegacy/ramlegacy-bug-reporting/170",""
"DFO-HERR4VWX-1965-2006-PREFONTAINE","HERR4VWX","Herring Scotian Shelf and Bay of Fundy","http://www.marinebiodiversity.ca/RAMlegacy/ramlegacy-bug-reporting/171","benevolent dictator QAQC"
"NAFO-SC-REDFISHSPP1-1965-2004-PREFONTAINE","REDFISHSPP1","Redfish species NAFO 1","http://www.marinebiodiversity.ca/RAMlegacy/ramlegacy-bug-reporting/172","benevolent dictator QAQC"
"NAFO-SC-REDFISHSPP3M-1989-2006-PREFONTAINE","REDFISHSPP3M","Redfish species NAFO 3M","http://www.marinebiodiversity.ca/RAMlegacy/ramlegacy-bug-reporting/173","benevolent dictator QAQC"
"DFO-NFLD-REDFISHSPP23K-1959-2001-PREFONTAINE","REDFISHSPP23K","Redfish species NAFO 23K","http://www.marinebiodiversity.ca/RAMlegacy/ramlegacy-bug-reporting/175","benevolent dictator QAQC"
"DFO-QUE-REDFISHSPP3Pn4RSTVn-1953-2000-PREFONTAINE","REDFISHSPP3Pn4RSTVn","Redfish species NAFO 3Pn4RSTVn","http://www.marinebiodiversity.ca/RAMlegacy/ramlegacy-bug-reporting/176","benevolent dictator QAQC"
"DFO-NFLD-AMPL3Ps-1960-2005-PREFONTAINE","AMPL3Ps","American Plaice NAFO-3Ps","http://www.marinebiodiversity.ca/RAMlegacy/ramlegacy-bug-reporting/178","benevolent dictator QAQC"
"DFO-POLL4VWX5Zc-1974-2007-PREFONTAINE","POLL4VWX5Zc","Pollock NAFO-4VWX5Zc","http://www.marinebiodiversity.ca/RAMlegacy/ramlegacy-bug-reporting/179","benevolent dictator QAQC"
"NZMFishMIDDEPTHSWG-SOUTHHAKECR-1975-2006-JENSEN","SOUTHHAKECR","Southern hake Chatham Rise","http://www.marinebiodiversity.ca/RAMlegacy/ramlegacy-bug-reporting/180","benevolent dictator QAQC"
"NZMFishMIDDEPTHSWG-SOUTHHAKESA-1975-2007-JENSEN","SOUTHHAKESA","Southern hake Sub-Antarctic","http://www.marinebiodiversity.ca/RAMlegacy/ramlegacy-bug-reporting/181","benevolent dictator QAQC"
"NZMFishMIDDEPTHSWG-GEMFISHNZ-1952-2007-JENSEN","GEMFISHNZ","common gemfish New Zealand","http://www.marinebiodiversity.ca/RAMlegacy/ramlegacy-bug-reporting/182","benevolent dictator QAQC"
"NZMFishSHELLFISHWG-PAUAPAU5A-1964-2006-JENSEN","PAUAPAU5A","New Zealand abalone species New Zealand Area PAU 5A","http://www.marinebiodiversity.ca/RAMlegacy/ramlegacy-bug-reporting/183",""
"NZMFishSHELLFISHWG-PAUAPAU5D-1964-2006-JENSEN","PAUAPAU5D","New Zealand abalone species New Zealand Area PAU 5D","http://www.marinebiodiversity.ca/RAMlegacy/ramlegacy-bug-reporting/184","benevolent dictator QAQC"
"NZMFishSHELLFISHWG-PAUAPAU5B-1963-2007-JENSEN","PAUAPAU5B","New Zealand abalone species New Zealand Area PAU 5B","http://www.marinebiodiversity.ca/RAMlegacy/ramlegacy-bug-reporting/185","benevolent dictator QAQC"
"NZMFishSHELLFISHWG-PAUAPAU7-1964-2008-JENSEN","PAUAPAU7","New Zealand abalone species New Zealand Area PAU 7","http://www.marinebiodiversity.ca/RAMlegacy/ramlegacy-bug-reporting/186","benevolent dictator QAQC"
"IPHC-PHALNPAC-1988-2009-Parma","PHALNPAC","Pacific halibut North Pacific","http://www.marinebiodiversity.ca/RAMlegacy/ramlegacy-bug-reporting/187",""
"NZMFishINSHOREWG-TREVALLYTRE7-1944-2005-JENSEN","TREVALLYTRE7","Trevally New Zealand Areas TRE 7","http://www.marinebiodiversity.ca/RAMlegacy/ramlegacy-bug-reporting/189","benevolent dictator QAQC"
"NZMFishMIDDEPTHSWG-SBWHITACIR-1979-2006-JENSEN","SBWHITACIR","Southern blue whiting Campbell Island Rise","http://www.marinebiodiversity.ca/RAMlegacy/ramlegacy-bug-reporting/190","benevolent dictator QAQC"
"NZMFishINSHOREWG-NZSNAPNZ8-1931-2005-JENSEN","NZSNAPNZ8","New Zealand snapper New Zealand Area 8","http://www.marinebiodiversity.ca/RAMlegacy/ramlegacy-bug-reporting/193","benevolent dictator QAQC"
"MARAM-CHAKESA-1917-2008-DEDECKER","CHAKESA","Shallow-water cape hake South Africa","http://www.marinebiodiversity.ca/RAMlegacy/ramlegacy-bug-reporting/195","benevolent dictator QAQC"
"MARAM-DEEPCHAKESA-1917-2008-DEDECKER","DEEPCHAKESA","Deep-water cape hake South Africa","http://www.marinebiodiversity.ca/RAMlegacy/ramlegacy-bug-reporting/196","benevolent dictator QAQC"
"MARAM-SAABALONESA-1951-2008-PLAGANYI","SAABALONESA","South African abalone South Africa","http://www.marinebiodiversity.ca/RAMlegacy/ramlegacy-bug-reporting/198","benevolent dictator QAQC"
"MARAM-PTOOTHFISHPEI-1960-2008-DEDECKER","PTOOTHFISHPEI","Patagonian toothfish South Africa Subantarctic Prince Edward Islands","http://www.marinebiodiversity.ca/RAMlegacy/ramlegacy-bug-reporting/199","benevolent dictator QAQC"
"MARAM-KINGKLIPSA-1932-2008-DEDECKER","KINGKLIPSA","Kingklip South Africa","http://www.marinebiodiversity.ca/RAMlegacy/ramlegacy-bug-reporting/201","benevolent dictator QAQC"
"NIWA-OROUGHYNZMEC-1981-2004-JENSEN","OROUGHYNZMEC","Orange roughy New Zealand Mid East Coast","http://www.marinebiodiversity.ca/RAMlegacy/ramlegacy-bug-reporting/219","benevolent dictator QAQC"
"NZMFishDEEPWATER-BLACKOREOWECR-1973-2007-JENSEN","BLACKOREOWECR","Black oreo West end of Chatham Rise","http://www.marinebiodiversity.ca/RAMlegacy/ramlegacy-bug-reporting/220","benevolent dictator QAQC"
"NZMFishDEEPWATER-SMOOTHOREOWECR-1973-2004-JENSEN","SMOOTHOREOWECR","Smooth oreo West end of Chatham Rise","http://www.marinebiodiversity.ca/RAMlegacy/ramlegacy-bug-reporting/221","benevolent dictator QAQC"
"NZMFishLOBSTERWG-RROCKLOBSTERCRA1-1945-2001-JENSEN","RROCKLOBSTERCRA1","Red rock lobster New Zealand area CRA1","http://www.marinebiodiversity.ca/RAMlegacy/ramlegacy-bug-reporting/223","benevolent dictator QAQC"
"NZMFishLOBSTERWG-RROCKLOBSTERCRA2-1945-2001-JENSEN","RROCKLOBSTERCRA2","Red rock lobster New Zealand area CRA2","http://www.marinebiodiversity.ca/RAMlegacy/ramlegacy-bug-reporting/224","benevolent dictator QAQC"
"NZMFishLOBSTERWG-RROCKLOBSTERCRA3-1945-2007-JENSEN","RROCKLOBSTERCRA3","Red rock lobster New Zealand area CRA3","http://www.marinebiodiversity.ca/RAMlegacy/ramlegacy-bug-reporting/225","benevolent dictator QAQC"
"NZMFishLOBSTERWG-RROCKLOBSTERCRA4-1945-2005-JENSEN","RROCKLOBSTERCRA4","Red rock lobster New Zealand area CRA4","http://www.marinebiodiversity.ca/RAMlegacy/ramlegacy-bug-reporting/226","benevolent dictator QAQC"
"NZMFishLOBSTERWG-RROCKLOBSTERCRA5-1945-2002-JENSEN","RROCKLOBSTERCRA5","Red rock lobster New Zealand area CRA5","http://www.marinebiodiversity.ca/RAMlegacy/ramlegacy-bug-reporting/227","benevolent dictator QAQC"
"NZMFishLOBSTERWG-RROCKLOBSTERCRA7-1976-2005-JENSEN","RROCKLOBSTERCRA7","Red rock lobster New Zealand area CRA7","http://www.marinebiodiversity.ca/RAMlegacy/ramlegacy-bug-reporting/228","benevolent dictator QAQC"
"NZMFishLOBSTERWG-RROCKLOBSTERCRA8-1976-2005-JENSEN","RROCKLOBSTERCRA8","Red rock lobster New Zealand area CRA8","http://www.marinebiodiversity.ca/RAMlegacy/ramlegacy-bug-reporting/229","benevolent dictator QAQC"
"AFSC-FLSOLEBSAI-1977-2008-STANTON","FLSOLEBSAI","Flathead sole Bering Sea and Aleutian Islands","http://www.marinebiodiversity.ca/RAMlegacy/ramlegacy-bug-reporting/232",""
"AFSC-REYEROCKBSAI-1974-2009-STANTON","REYEROCKBSAI","Rougheye rockfish Bering Sea and Aleutian Islands","http://www.marinebiodiversity.ca/RAMlegacy/ramlegacy-bug-reporting/234",""
"AFSC-SRAKEROCKBSAI-1977-2008-STANTON","SRAKEROCKBSAI","Shortraker rockfish Bering Sea and Aleutian Islands","http://www.marinebiodiversity.ca/RAMlegacy/ramlegacy-bug-reporting/236",""
"AFSC-NRSOLEEBSAI-1971-2008-STANTON","NRSOLEEBSAI","Northern rock sole Eastern Bering Sea and Aleutian Islands","http://www.marinebiodiversity.ca/RAMlegacy/ramlegacy-bug-reporting/238",""
"AFSC-ATKABSAI-1976-2009-STANTON","ATKABSAI","Atka mackerel Bering Sea and Aleutian Islands","http://www.marinebiodiversity.ca/RAMlegacy/ramlegacy-bug-reporting/240",""
"IOTC-BIGEYEIO-1957-2006-JENSEN","BIGEYEIO","Bigeye tuna Indian Ocean","http://www.marinebiodiversity.ca/RAMlegacy/ramlegacy-bug-reporting/241","benevolent dictator QAQC"
"AFSC-GHALBSAI-1960-2009-STANTON","GHALBSAI","Greenland turbot Bering Sea and Aleutian Islands","http://www.marinebiodiversity.ca/RAMlegacy/ramlegacy-bug-reporting/243",""
"AFSC-ARFLOUNDBSAI-1970-2008-STANTON","ARFLOUNDBSAI","Arrowtooth flounder Bering Sea and Aleutian Islands","http://www.marinebiodiversity.ca/RAMlegacy/ramlegacy-bug-reporting/244",""
"ICCAT-BIGEYEATL-1950-2005-JENSEN","BIGEYEATL","Bigeye tuna Atlantic","http://www.marinebiodiversity.ca/RAMlegacy/ramlegacy-bug-reporting/245","benevolent dictator QAQC"
"ICCAT-SWORDSATL-1970-2005-JENSEN","SWORDSATL","Swordfish South Atlantic","http://www.marinebiodiversity.ca/RAMlegacy/ramlegacy-bug-reporting/247",""
"ICCAT-SWORDNATL-1978-2007-JENSEN","SWORDNATL","Swordfish North Atlantic","http://www.marinebiodiversity.ca/RAMlegacy/ramlegacy-bug-reporting/249",""
"ICCAT-YFINATL-1970-2006-JENSEN","YFINATL","Yellowfin tuna Atlantic","http://www.marinebiodiversity.ca/RAMlegacy/ramlegacy-bug-reporting/252","benevolent dictator QAQC"
"ICCAT-SKJWATL-1952-2006-JENSEN","SKJWATL","Skipjack tuna Western Atlantic","http://www.marinebiodiversity.ca/RAMlegacy/ramlegacy-bug-reporting/253","benevolent dictator QAQC"
"ICCAT-SKJEATL-1950-2006-JENSEN","SKJEATL","Skipjack tuna Eastern Atlantic","http://www.marinebiodiversity.ca/RAMlegacy/ramlegacy-bug-reporting/254","benevolent dictator QAQC"
"AFSC-NROCKBSAI-1974-2009-STANTON","NROCKBSAI","Northern rockfish Bering Sea and Aleutian Islands","http://www.marinebiodiversity.ca/RAMlegacy/ramlegacy-bug-reporting/255",""
"AFSC-PERCHEBSAI-1974-2009-STANTON","PERCHEBSAI","Pacific Ocean perch Eastern Bering Sea and Aleutian Islands","http://www.marinebiodiversity.ca/RAMlegacy/ramlegacy-bug-reporting/256",""
"AFSC-SNOWCRABBS-1979-2008-JENSEN","SNOWCRABBS","Snow crab Bering Sea","http://www.marinebiodiversity.ca/RAMlegacy/ramlegacy-bug-reporting/257",NA
"AFSC-RKCRABBB-1960-2008-JENSEN","RKCRABBB","Red king crab Bristol Bay","http://www.marinebiodiversity.ca/RAMlegacy/ramlegacy-bug-reporting/258",""
"AFSC-TANNERCRABBSAI-1965-2008-JENSEN","TANNERCRABBSAI","Tanner crab Bering Sea and Aleutian Islands","http://www.marinebiodiversity.ca/RAMlegacy/ramlegacy-bug-reporting/259",""
"AFSC-RKCRABPI-1981-2009-JENSEN","RKCRABPI","Red king crab Pribilof Islands","http://www.marinebiodiversity.ca/RAMlegacy/ramlegacy-bug-reporting/260",""
"AFSC-BKINGCRABPI-1960-2008-JENSEN","BKINGCRABPI","Blue king crab Pribilof Islands","http://www.marinebiodiversity.ca/RAMlegacy/ramlegacy-bug-reporting/261",""
"AFSC-BKINGCRABSMI-1960-2008-JENSEN","BKINGCRABSMI","Blue king crab Saint Matthews Island","http://www.marinebiodiversity.ca/RAMlegacy/ramlegacy-bug-reporting/262",""
"AFSC-RKCRABNS-1976-2008-JENSEN","RKCRABNS","Red king crab Norton Sound","http://www.marinebiodiversity.ca/RAMlegacy/ramlegacy-bug-reporting/263",NA
"AFSC-GKINGCRABAIES-1990-2007-JENSEN","GKINGCRABAIES","Golden king crab Aleutian Islands Eastern segment","http://www.marinebiodiversity.ca/RAMlegacy/ramlegacy-bug-reporting/264",NA
"AFSC-GKINGCRABAIWS-1989-2007-JENSEN","GKINGCRABAIWS","Golden king crab Aleutian Islands Western segment","http://www.marinebiodiversity.ca/RAMlegacy/ramlegacy-bug-reporting/265",NA
"AFSC-SABLEFEBSAIGA-1956-2008-MELNYCHUK","SABLEFEBSAIGA","Sablefish Eastern Bering Sea / Aleutian Islands / Gulf of Alaska","http://www.marinebiodiversity.ca/RAMlegacy/ramlegacy-bug-reporting/266",NA
"AFSC-WPOLLEBS-1963-2008-MELNYCHUK","WPOLLEBS","Walleye pollock Eastern Bering Sea","http://www.marinebiodiversity.ca/RAMlegacy/ramlegacy-bug-reporting/267",NA
"AFSC-PCODBSAI-1964-2008-MELNYCHUK","PCODBSAI","Pacific cod Bering Sea and Aleutian Islands","http://www.marinebiodiversity.ca/RAMlegacy/ramlegacy-bug-reporting/268",NA
"AFSC-ALPLAICBSAI-1972-2008-MELNYCHUK","ALPLAICBSAI","Alaska plaice Bering Sea and Aleutian Islands","http://www.marinebiodiversity.ca/RAMlegacy/ramlegacy-bug-reporting/269",NA
"AFSC-YSOLEBSAI-1959-2008-MELNYCHUK","YSOLEBSAI","Yellowfin sole Bering Sea and Aleutian Islands","http://www.marinebiodiversity.ca/RAMlegacy/ramlegacy-bug-reporting/270",NA
"AFSC-PCODGA-1964-2008-MELNYCHUK","PCODGA","Pacific cod Gulf of Alaska","http://www.marinebiodiversity.ca/RAMlegacy/ramlegacy-bug-reporting/271",NA
"AFSC-WPOLLGA-1964-2008-MELNYCHUK","WPOLLGA","Walleye pollock Gulf of Alaska","http://www.marinebiodiversity.ca/RAMlegacy/ramlegacy-bug-reporting/272",NA
"NEFSC-ATHAL5YZ-1800-2007-COL","ATHAL5YZ","Atlantic Halibut NAFO-5YZ","http://www.marinebiodiversity.ca/RAMlegacy/ramlegacy-bug-reporting/274","benevolent dictator QAQC"
"NEFSC-POLL5YZ-1963-2007-MAYO","POLL5YZ","Pollock NAFO-5YZ","http://www.marinebiodiversity.ca/RAMlegacy/ramlegacy-bug-reporting/275","benevolent dictator QAQC"
"AFSC-REXSOLEGA-1979-2008-STANTON","REXSOLEGA","Rex sole Gulf of Alaska","http://www.marinebiodiversity.ca/RAMlegacy/ramlegacy-bug-reporting/279",""
"AFSC-FLSOLEGA-1978-2010-Stachura","FLSOLEGA","Flathead sole Gulf of Alaska","http://www.marinebiodiversity.ca/RAMlegacy/ramlegacy-bug-reporting/280","benevolent dictator QAQC"
"AFSC-ARFLOUNDGA-1958-2010-STANTON","ARFLOUNDGA","Arrowtooth flounder Gulf of Alaska","http://www.marinebiodiversity.ca/RAMlegacy/ramlegacy-bug-reporting/281",""
"AFSC-NROCKGA-1959-2008-MELNYCHUK","NROCKGA","Northern rockfish Gulf of Alaska","http://www.marinebiodiversity.ca/RAMlegacy/ramlegacy-bug-reporting/282",NA
"AFSC-DUSROCKGA-1973-2008-MELNYCHUK","DUSROCKGA","Dusky rockfish Gulf of Alaska","http://www.marinebiodiversity.ca/RAMlegacy/ramlegacy-bug-reporting/283",NA
"AFSC-WPOLLAI-1976-2008-MELNYCHUK","WPOLLAI","Walleye pollock Aleutian Islands","http://www.marinebiodiversity.ca/RAMlegacy/ramlegacy-bug-reporting/284",NA
"NEFSC-SHAKEGOMNGB-1955-2005-COL","SHAKEGOMNGB","Silver hake Gulf of Maine / Northern Georges Bank","http://www.marinebiodiversity.ca/RAMlegacy/ramlegacy-bug-reporting/287","benevolent dictator QAQC"
"NEFSC-SHAKESGBMATL-1955-2005-COL","SHAKESGBMATL","Silver hake Southern Georges Bank / Mid-Atlantic","http://www.marinebiodiversity.ca/RAMlegacy/ramlegacy-bug-reporting/288","benevolent dictator QAQC"
"AFSC-POPERCHGA-1959-2010-Stachura","POPERCHGA","Pacific ocean perch Gulf of Alaska","http://www.marinebiodiversity.ca/RAMlegacy/ramlegacy-bug-reporting/289","benevolent dictator QAQC"
"AFSC-REYEROCKGA-1974-2007-MELNYCHUK","REYEROCKGA","Rougheye rockfish Gulf of Alaska","http://www.marinebiodiversity.ca/RAMlegacy/ramlegacy-bug-reporting/290",NA
"AFSC-DSOLEGA-1978-2010-STANTON","DSOLEGA","Dover sole Gulf of Alaska","http://www.marinebiodiversity.ca/RAMlegacy/ramlegacy-bug-reporting/291","benevolent dictator QAQC"
"NEFSC-BSBASSMATLC-1968-2007-SHEPHERD","BSBASSMATLC","Black sea bass Mid-Atlantic Coast","http://www.marinebiodiversity.ca/RAMlegacy/ramlegacy-bug-reporting/292","benevolent dictator QAQC"
"ADFG-HERRSITKA-1978-2007-COLLIE","HERRSITKA","Pacific herring Sitka","http://www.marinebiodiversity.ca/RAMlegacy/ramlegacy-bug-reporting/293","benevolent dictator QAQC"
"ADFG-HERRPWS-1980-2006-COLLIE","HERRPWS","Pacific herring Prince William Sound","http://www.marinebiodiversity.ca/RAMlegacy/ramlegacy-bug-reporting/294","benevolent dictator QAQC"
"NEFSC-HERRNWATLC-1960-2005-OVERHOLTZ","HERRNWATLC","Atlantic herring Northwestern Atlantic Coast","http://www.marinebiodiversity.ca/RAMlegacy/ramlegacy-bug-reporting/295","benevolent dictator QAQC"
"NEFSC-SCUPNWATLC-1960-2007-TERCEIRO","SCUPNWATLC","Scup Atlantic Coast","http://www.marinebiodiversity.ca/RAMlegacy/ramlegacy-bug-reporting/296","benevolent dictator QAQC"
"NEFSC-STRIPEDBASSGOMCHATT-1982-2006-SHEPHERD","STRIPEDBASSGOMCHATT","Striped bass Gulf of Maine / Cape Hatteras","http://www.marinebiodiversity.ca/RAMlegacy/ramlegacy-bug-reporting/298","benevolent dictator QAQC"
"NEFSC-MACKGOMCHATT-1960-2005-OVERHOLTZ","MACKGOMCHATT","Atlantic mackerel Gulf of Maine / Cape Hatteras","http://www.marinebiodiversity.ca/RAMlegacy/ramlegacy-bug-reporting/299","benevolent dictator QAQC"
"NEFSC-BUTTERGOMCHATT-1965-2005-OVERHOLTZ","BUTTERGOMCHATT","Atlantic butterfish Gulf of Maine / Cape Hatteras","http://www.marinebiodiversity.ca/RAMlegacy/ramlegacy-bug-reporting/300","benevolent dictator QAQC"
"NEFSC-BLUEFISHATLC-1981-2007-SHEPHERD","BLUEFISHATLC","Bluefish Atlantic Coast","http://www.marinebiodiversity.ca/RAMlegacy/ramlegacy-bug-reporting/303","benevolent dictator QAQC"
"SEFSC-SBARSHARATL-1975-2004-FAUCONNET","SBARSHARATL","Sandbar shark Atlantic","http://www.marinebiodiversity.ca/RAMlegacy/ramlegacy-bug-reporting/304","benevolent dictator QAQC"
"DFO-PAC-HERRCC-1951-2007-COLLIE","HERRCC","Pacific herring Central Coast","http://www.marinebiodiversity.ca/RAMlegacy/ramlegacy-bug-reporting/305",""
"DFO-PAC-HERRPRD-1951-2007-COLLIE","HERRPRD","Pacific herring Prince Rupert District","http://www.marinebiodiversity.ca/RAMlegacy/ramlegacy-bug-reporting/306",""
"DFO-PAC-HERRQCI-1951-2007-COLLIE","HERRQCI","Pacific herring Queen Charlotte Islands","http://www.marinebiodiversity.ca/RAMlegacy/ramlegacy-bug-reporting/307",""
"DFO-PAC-HERRSOG-1951-2007-COLLIE","HERRSOG","Pacific herring Straight of Georgia","http://www.marinebiodiversity.ca/RAMlegacy/ramlegacy-bug-reporting/308",""
"DFO-PAC-HERRWCVANI-1951-2007-COLLIE","HERRWCVANI","Pacific herring West Coast of Vancouver Island","http://www.marinebiodiversity.ca/RAMlegacy/ramlegacy-bug-reporting/309",""
"DFO-PAC-PCODHS-1956-2005-COLLIE","PCODHS","Pacific cod Hecate Strait","http://www.marinebiodiversity.ca/RAMlegacy/ramlegacy-bug-reporting/310",""
"DFO-PAC-PCODWCVANI-1956-2002-COLLIE","PCODWCVANI","Pacific cod West Coast of Vancouver Island","http://www.marinebiodiversity.ca/RAMlegacy/ramlegacy-bug-reporting/311",""
"RIDEM-LOBSTERRI-1959-2007-COLLIE","LOBSTERRI","American lobster Rhode Island","http://www.marinebiodiversity.ca/RAMlegacy/ramlegacy-bug-reporting/312",""
"RIDEM-TAUTOGRI-1959-2007-COLLIE","TAUTOGRI","Tautog Rhode Island","http://www.marinebiodiversity.ca/RAMlegacy/ramlegacy-bug-reporting/313",""
"RIDEM-WINFLOUNDRI-1959-2007-COLLIE","WINFLOUNDRI","Winter flounder Rhode Island","http://www.marinebiodiversity.ca/RAMlegacy/ramlegacy-bug-reporting/314",""
"NEFSC-TILEMATLC-1973-2008-NITSCHKE","TILEMATLC","Tilefish Mid-Atlantic Coast","http://www.marinebiodiversity.ca/RAMlegacy/ramlegacy-bug-reporting/315","benevolent dictator QAQC"
"NEFSC-WINFLOUND5Y-1982-2008-NITSCHKE","WINFLOUND5Y","Winter Flounder NAFO-5Y","http://www.marinebiodiversity.ca/RAMlegacy/ramlegacy-bug-reporting/316","benevolent dictator QAQC"
"NEFSC-ACADREDGOMGB-1913-2007-MILLER","ACADREDGOMGB","Acadian redfish Gulf of Maine / Georges Bank","http://www.marinebiodiversity.ca/RAMlegacy/ramlegacy-bug-reporting/317","benevolent dictator QAQC"
"NEFSC-MONKGOMNGB-1964-2006-RICHARDS","MONKGOMNGB","Monkfish Gulf of Maine / Northern Georges Bank","http://www.marinebiodiversity.ca/RAMlegacy/ramlegacy-bug-reporting/319","benevolent dictator QAQC"
"NEFSC-MONKSGBMATL-1964-2006-RICHARDS","MONKSGBMATL","Monkfish Southern Georges Bank / Mid-Atlantic","http://www.marinebiodiversity.ca/RAMlegacy/ramlegacy-bug-reporting/320","benevolent dictator QAQC"
"SEFSC-BTIPSHARATL-1981-2004-FAUCONNET","BTIPSHARATL","Blacktip shark Atlantic","http://www.marinebiodiversity.ca/RAMlegacy/ramlegacy-bug-reporting/321","benevolent dictator QAQC"
"SEFSC-BTIPSHARGM-1981-2004-FAUCONNET","BTIPSHARGM","Blacktip shark Gulf of Mexico","http://www.marinebiodiversity.ca/RAMlegacy/ramlegacy-bug-reporting/322","benevolent dictator QAQC"
"SEFSC-FTOOTHSHARATL-1976-2005-FAUCONNET","FTOOTHSHARATL","Finetooth shark Atlantic","http://www.marinebiodiversity.ca/RAMlegacy/ramlegacy-bug-reporting/323","benevolent dictator QAQC"
"SEFSC-BNOSESHARATL-1950-2005-FAUCONNET","BNOSESHARATL","Blacknose shark Atlantic","http://www.marinebiodiversity.ca/RAMlegacy/ramlegacy-bug-reporting/324","benevolent dictator QAQC"
"SEFSC-SNOSESHARATL-1950-2005-FAUCONNET","SNOSESHARATL","Atlantic sharpnose shark Atlantic","http://www.marinebiodiversity.ca/RAMlegacy/ramlegacy-bug-reporting/325","benevolent dictator QAQC"
"SEFSC-BHEADSHARATL-1950-2005-FAUCONNET","BHEADSHARATL","Bonnethead shark Atlantic","http://www.marinebiodiversity.ca/RAMlegacy/ramlegacy-bug-reporting/326","benevolent dictator QAQC"
"DFO-SG-SNOWCRABSGSL-1984-2007-ANDERSON","SNOWCRABSGSL","Snow crab Southern Gulf of St. Lawrence","http://www.marinebiodiversity.ca/RAMlegacy/ramlegacy-bug-reporting/327","benevolent dictator QAQC"
"NEFSC-WINDOWSNEMATL-1975-2007-HENDRICKSON","WINDOWSNEMATL","Windowpane Southern New England-Mid Atlantic","http://www.marinebiodiversity.ca/RAMlegacy/ramlegacy-bug-reporting/328","benevolent dictator QAQC"
"NEFSC-WINDOWGOMGB-1975-2007-HENDRICKSON","WINDOWGOMGB","Windowpane flounder - Gulf of Maine / Georges Bank","http://www.marinebiodiversity.ca/RAMlegacy/ramlegacy-bug-reporting/329","benevolent dictator QAQC"
"NEFSC-WINFLOUN5Z-1982-2007-HENDRICKSON","WINFLOUN5Z","Winter Flounder NAFO-5Z","http://www.marinebiodiversity.ca/RAMlegacy/ramlegacy-bug-reporting/330","benevolent dictator QAQC"
"ASMFC-PANDALGOM-1960-2009-IDOINE","PANDALGOM","Northern shrimp Gulf of Maine","http://www.marinebiodiversity.ca/RAMlegacy/ramlegacy-bug-reporting/331","benevolent dictator QAQC"
"NEFSC-ILLEXNWATLC-1967-2005-HENDRICKSON","ILLEXNWATLC","Northern shortfin squid Northwestern Atlantic Coast","http://www.marinebiodiversity.ca/RAMlegacy/ramlegacy-bug-reporting/332","benevolent dictator QAQC"
"SWFSC-DSOLEPCOAST-1910-2005-STANTON","DSOLEPCOAST","Dover sole Pacific Coast","http://www.marinebiodiversity.ca/RAMlegacy/ramlegacy-bug-reporting/333",""
"NWFSC-SSTHORNHPCOAST-1901-2005-STANTON","SSTHORNHPCOAST","Shortspine thornyhead Pacific Coast","http://www.marinebiodiversity.ca/RAMlegacy/ramlegacy-bug-reporting/334","benevolent dictator QAQC"
"NWFSC-YTROCKNPCOAST-1967-2005-STANTON","YTROCKNPCOAST","Yellowtail rockfish Northern Pacific Coast","http://www.marinebiodiversity.ca/RAMlegacy/ramlegacy-bug-reporting/335",""
"NWFSC-BGROCKPCOAST-1950-2005-STANTON","BGROCKPCOAST","Blackgill rockfish  Pacific Coast","http://www.marinebiodiversity.ca/RAMlegacy/ramlegacy-bug-reporting/336","benevolent dictator QAQC"
"AFSC-CABEZSCAL-1932-2005-STANTON","CABEZSCAL","Cabezon Southern California","http://www.marinebiodiversity.ca/RAMlegacy/ramlegacy-bug-reporting/337","benevolent dictator QAQC"
"AFSC-CABEZNCAL-1916-2005-STANTON","CABEZNCAL","Cabezon Northern California","http://www.marinebiodiversity.ca/RAMlegacy/ramlegacy-bug-reporting/338","benevolent dictator QAQC"
"SWFSC-GOPHERSPCOAST-1965-2005-STANTON","GOPHERSPCOAST","Gopher rockfish Southern Pacific Coast","http://www.marinebiodiversity.ca/RAMlegacy/ramlegacy-bug-reporting/339",""
"NWFSC-PSOLESPCOAST-1874-2005-STANTON","PSOLESPCOAST","Petrale sole Southern Pacific Coast","http://www.marinebiodiversity.ca/RAMlegacy/ramlegacy-bug-reporting/341","benevolent dictator QAQC"
"NWFSC-PSOLENPCOAST-1910-2005-STANTON","PSOLENPCOAST","Petrale sole Northern Pacific Coast","http://www.marinebiodiversity.ca/RAMlegacy/ramlegacy-bug-reporting/342","benevolent dictator QAQC"
"SWFSC-STFLOUNSPCOAST-1970-2005-STANTON","STFLOUNSPCOAST","Starry flounder Southern Pacific Coast","http://www.marinebiodiversity.ca/RAMlegacy/ramlegacy-bug-reporting/343",""
"SWFSC-STFLOUNNPCOAST-1970-2005-STANTON","STFLOUNNPCOAST","Starry flounder Northern Pacific Coast","http://www.marinebiodiversity.ca/RAMlegacy/ramlegacy-bug-reporting/344",""
"PFMC-LINGCODNPCOAST-1956-2005-STANTON","LINGCODNPCOAST","Lingcod Northern Pacific Coast","http://www.marinebiodiversity.ca/RAMlegacy/ramlegacy-bug-reporting/345","benevolent dictator QAQC"
"PFMC-LINGCODSPCOAST-1956-2005-STANTON","LINGCODSPCOAST","Lingcod Southern Pacific Coast","http://www.marinebiodiversity.ca/RAMlegacy/ramlegacy-bug-reporting/346","benevolent dictator QAQC"
"NWFSC-KELPGREENLINGORECOAST-1979-2005-STANTON","KELPGREENLINGORECOAST","Kelp greenling Oregon Coast","http://www.marinebiodiversity.ca/RAMlegacy/ramlegacy-bug-reporting/347","benevolent dictator QAQC"
"NWFSC-LSTHORNHPCOAST-1962-2005-STANTON","LSTHORNHPCOAST","Longspine thornyhead Pacific Coast","http://www.marinebiodiversity.ca/RAMlegacy/ramlegacy-bug-reporting/348","benevolent dictator QAQC"
"NEFSC-RDEEPCRABNWATL-1982-2008-CHUTE","RDEEPCRABNWATL","Red deepsea crab Northwestern Atlantic","http://www.marinebiodiversity.ca/RAMlegacy/ramlegacy-bug-reporting/349","benevolent dictator QAQC"
"NAFO-SC-COD3M-1959-2008-BAUM","COD3M","Atlantic cod NAFO 3M","http://www.marinebiodiversity.ca/RAMlegacy/ramlegacy-bug-reporting/350","benevolent dictator QAQC"
"NAFO-SC-REDFISHSPP3LN-1959-2008-BAUM","REDFISHSPP3LN","Redfish species NAFO 3LN","http://www.marinebiodiversity.ca/RAMlegacy/ramlegacy-bug-reporting/351","benevolent dictator QAQC"
"NAFO-SC-AMPL3M-1960-2007-BAUM","AMPL3M","American Plaice NAFO-3M","http://www.marinebiodiversity.ca/RAMlegacy/ramlegacy-bug-reporting/352","benevolent dictator QAQC"
"NAFO-SC-YELL3LNO-1960-2009-BAUM","YELL3LNO","Yellowtail Flounder NAFO 3LNO","http://www.marinebiodiversity.ca/RAMlegacy/ramlegacy-bug-reporting/353","benevolent dictator QAQC"
"SEFSC-VSNAPSATLC-1946-2008-STANTON","VSNAPSATLC","Vermilion snapper Southern Atlantic coast","http://www.marinebiodiversity.ca/RAMlegacy/ramlegacy-bug-reporting/356",""
"SEFSC-TILESATLC-1961-2002-STANTON","TILESATLC","Tilefish Southern Atlantic coast","http://www.marinebiodiversity.ca/RAMlegacy/ramlegacy-bug-reporting/357",""
"SEFSC-SNOWGROUPSATLC-1961-2002-STANTON","SNOWGROUPSATLC","Snowy grouper Southern Atlantic coast","http://www.marinebiodiversity.ca/RAMlegacy/ramlegacy-bug-reporting/358",""
"NZMFishHOKIWG-HOKIWNZ-1972-2007-FRANCIS","HOKIWNZ","Hoki Western New Zealand","http://www.marinebiodiversity.ca/RAMlegacy/ramlegacy-bug-reporting/359","benevolent dictator QAQC"
"NZMFishHOKIWG-HOKIENZ-1972-2007-FRANCIS","HOKIENZ","Hoki Eastern New Zealand","http://www.marinebiodiversity.ca/RAMlegacy/ramlegacy-bug-reporting/360","benevolent dictator QAQC"
"AFWG-CAPENOR-1965-2007-MINTO","CAPENOR","Capelin Barents Sea","http://www.marinebiodiversity.ca/RAMlegacy/ramlegacy-bug-reporting/362",""
"AFWG-CODCOASTNOR-1982-2006-MINTO","CODCOASTNOR","Atlantic cod coastal Norway","http://www.marinebiodiversity.ca/RAMlegacy/ramlegacy-bug-reporting/363",""
"AFWG-CODNEAR-1943-2006-MINTO","CODNEAR","Atlantic cod Northeast Arctic","http://www.marinebiodiversity.ca/RAMlegacy/ramlegacy-bug-reporting/364",""
"AFWG-GOLDREDNEAR-1986-2006-MINTO","GOLDREDNEAR","Golden Redfish Northeast Arctic","http://www.marinebiodiversity.ca/RAMlegacy/ramlegacy-bug-reporting/365",""
"AFWG-HADNEAR-1947-2006-MINTO","HADNEAR","Haddock Northeast Arctic","http://www.marinebiodiversity.ca/RAMlegacy/ramlegacy-bug-reporting/366",""
"AFWG-POLLNEAR-1957-2006-MINTO","POLLNEAR","Pollock Northeast Arctic","http://www.marinebiodiversity.ca/RAMlegacy/ramlegacy-bug-reporting/367",""
"AFWG-REDDEEPI-II-1985-2006-MINTO","REDDEEPI-II","Deepwater Redfish Northeast Arctic","http://www.marinebiodiversity.ca/RAMlegacy/ramlegacy-bug-reporting/368",""
"HAWG-HERR2224IIIa-1991-2006-MINTO","HERR2224IIIa","Herring ICES 22-24-IIIa","http://www.marinebiodiversity.ca/RAMlegacy/ramlegacy-bug-reporting/369",""
"HAWG-HERRNS-1960-2007-MINTO","HERRNS","Herring North Sea","http://www.marinebiodiversity.ca/RAMlegacy/ramlegacy-bug-reporting/370",""
"HAWG-HERRVIa-1957-2006-MINTO","HERRVIa","Herring ICES VIa","http://www.marinebiodiversity.ca/RAMlegacy/ramlegacy-bug-reporting/371",""
"HAWG-HERRVIaVIIbc-1969-2000-MINTO","HERRVIaVIIbc","Herring ICES VIa-VIIb-VIIc","http://www.marinebiodiversity.ca/RAMlegacy/ramlegacy-bug-reporting/372",""
"HAWG-SPRATNS-1995-2007-MINTO","SPRATNS","Sprat North Sea","http://www.marinebiodiversity.ca/RAMlegacy/ramlegacy-bug-reporting/373",""
"NWWG-CAPEICE-1977-2007-MINTO","CAPEICE","Capelin Iceland","http://www.marinebiodiversity.ca/RAMlegacy/ramlegacy-bug-reporting/374",""
"NWWG-CODFAPL-1959-2006-MINTO","CODFAPL","Atlantic cod Faroe Plateau","http://www.marinebiodiversity.ca/RAMlegacy/ramlegacy-bug-reporting/375",""
"NWWG-CODICE-1952-2006-MINTO","CODICE","Atlantic cod Iceland","http://www.marinebiodiversity.ca/RAMlegacy/ramlegacy-bug-reporting/376",""
"NWWG-HADFAPL-1955-2006-MINTO","HADFAPL","Haddock Faroe Plateau","http://www.marinebiodiversity.ca/RAMlegacy/ramlegacy-bug-reporting/377",""
"NWWG-HADICE-1977-2007-MINTO","HADICE","Haddock Iceland","http://www.marinebiodiversity.ca/RAMlegacy/ramlegacy-bug-reporting/378",""
"NWWG-POLLFAPL-1958-2006-MINTO","POLLFAPL","Pollock Faroe Plateau","http://www.marinebiodiversity.ca/RAMlegacy/ramlegacy-bug-reporting/379",""
"WGBFAS-CODKAT-1970-2006-MINTO","CODKAT","Atlantic cod Kattegat","http://www.marinebiodiversity.ca/RAMlegacy/ramlegacy-bug-reporting/380",""
"WGNSDS-CODIS-1968-2006-MINTO","CODIS","Atlantic cod Irish Sea","http://www.marinebiodiversity.ca/RAMlegacy/ramlegacy-bug-reporting/381",""
"WGNSDS-CODVIa-1977-2006-MINTO","CODVIa","Atlantic cod West of Scotland","http://www.marinebiodiversity.ca/RAMlegacy/ramlegacy-bug-reporting/382",""
"WGNSDS-HADIS-1972-2006-MINTO","HADIS","Haddock Irish Sea","http://www.marinebiodiversity.ca/RAMlegacy/ramlegacy-bug-reporting/383",""
"WGNSDS-HADVIa-1977-2006-MINTO","HADVIa","Haddock West of Scotland","http://www.marinebiodiversity.ca/RAMlegacy/ramlegacy-bug-reporting/384",""
"WGNSDS-PLAICIS-1962-2006-MINTO","PLAICIS","European Plaice Irish Sea","http://www.marinebiodiversity.ca/RAMlegacy/ramlegacy-bug-reporting/385",""
"WGNSDS-SOLEIS-1968-2006-MINTO","SOLEIS","common European sole Irish Sea","http://www.marinebiodiversity.ca/RAMlegacy/ramlegacy-bug-reporting/386",""
"WGNSDS-WHITVIa-1984-2007-MINTO","WHITVIa","Whiting ICES VIa","http://www.marinebiodiversity.ca/RAMlegacy/ramlegacy-bug-reporting/387",""
"WGNSSK-HADNS-IIIa-1963-2006-MINTO","HADNS-IIIa","Haddock ICES IIIa and North Sea","http://www.marinebiodiversity.ca/RAMlegacy/ramlegacy-bug-reporting/388",""
"WGNSSK-NPOUTNS-1983-2007-MINTO","NPOUTNS","Norway pout North Sea","http://www.marinebiodiversity.ca/RAMlegacy/ramlegacy-bug-reporting/389",""
"WGNSSK-PLAIC7d-1979-2006-MINTO","PLAIC7d","European Plaice ICES VIId","http://www.marinebiodiversity.ca/RAMlegacy/ramlegacy-bug-reporting/390",""
"WGNSSK-PLAICIIIa-1976-2006-MINTO","PLAICIIIa","European Plaice ICES IIIa","http://www.marinebiodiversity.ca/RAMlegacy/ramlegacy-bug-reporting/391",""
"WGNSSK-PLAICNS-1956-2006-MINTO","PLAICNS","European Plaice North Sea","http://www.marinebiodiversity.ca/RAMlegacy/ramlegacy-bug-reporting/392",""
"WGNSSK-POLLNS-VI-IIIa-1964-2006-MINTO","POLLNS-VI-IIIa","Pollock ICES IIIa, VI and North Sea","http://www.marinebiodiversity.ca/RAMlegacy/ramlegacy-bug-reporting/393",""
"WGNSSK-SEELNS-1983-2007-MINTO","SEELNS","Sandeel North Sea","http://www.marinebiodiversity.ca/RAMlegacy/ramlegacy-bug-reporting/394",""
"WGNSSK-SOLENS-1956-2006-MINTO","SOLENS","common European sole North Sea","http://www.marinebiodiversity.ca/RAMlegacy/ramlegacy-bug-reporting/395",""
"WGNSSK-SOLEVIId-1981-2006-MINTO","SOLEVIId","common European sole ICES VIId","http://www.marinebiodiversity.ca/RAMlegacy/ramlegacy-bug-reporting/396",""
"WGNSSK-WHITNS-VIId-IIIa-1979-2006-MINTO","WHITNS-VIId-IIIa","Whiting ICES IIIa, VIId and North Sea","http://www.marinebiodiversity.ca/RAMlegacy/ramlegacy-bug-reporting/397",""
"WGNSSK-CODNS-1962-2007-MINTO","CODNS","Atlantic cod North Sea","http://www.marinebiodiversity.ca/RAMlegacy/ramlegacy-bug-reporting/398",""
"NMFS-MENATLAN-1940-2005-STANTON","MENATLAN","Atlantic menhaden Atlantic","http://www.marinebiodiversity.ca/RAMlegacy/ramlegacy-bug-reporting/399","benevolent dictator QAQC"
"IMARM-SFMAKONWPAC-1990-2003-FAUCONNET","SFMAKONWPAC","Shortfin mako Nothwest Pacific Ocean","http://www.marinebiodiversity.ca/RAMlegacy/ramlegacy-bug-reporting/400","benevolent dictator QAQC"
"SEFSC-YTSNAPSATLCGM-1962-2001-STANTON","YTSNAPSATLCGM","Yellowtail snapper Southern Atlantic Coast and Gulf of Mexico","http://www.marinebiodiversity.ca/RAMlegacy/ramlegacy-bug-reporting/401","benevolent dictator QAQC"
"SWFSC-CMACKPCOAST-1929-2008-PINSKY","CMACKPCOAST","Pacific chub mackerel Pacific Coast","http://www.marinebiodiversity.ca/RAMlegacy/ramlegacy-bug-reporting/406","benevolent dictator QAQC"
"SWFSC-SARDPCOAST-1981-2007-PINSKY","SARDPCOAST","Pacific sardine Pacific Coast","http://www.marinebiodiversity.ca/RAMlegacy/ramlegacy-bug-reporting/407","benevolent dictator QAQC"
"SWFSC-CALSCORPSCAL-1990-2005-STANTON","CALSCORPSCAL","California scorpionfish Southern California","http://www.marinebiodiversity.ca/RAMlegacy/ramlegacy-bug-reporting/410","benevolent dictator QAQC"
"ASMFC-LOBSTERGOM-1981-2007-STANTON","LOBSTERGOM","American lobster Gulf of Maine","http://www.marinebiodiversity.ca/RAMlegacy/ramlegacy-bug-reporting/411","benevolent dictator QAQC"
"ASMFC-LOBSTERGB-1981-2007-STANTON","LOBSTERGB","American lobster Georges Bank","http://www.marinebiodiversity.ca/RAMlegacy/ramlegacy-bug-reporting/412",""
"ASMFC-LOBSTERSNE-1981-2007-STANTON","LOBSTERSNE","American lobster Southern New England","http://www.marinebiodiversity.ca/RAMlegacy/ramlegacy-bug-reporting/413","benevolent dictator QAQC"
"ASMFC-ATLCROAKMATLC-1973-2002-STANTON","ATLCROAKMATLC","Atlantic croaker Mid-Atlantic Coast","http://www.marinebiodiversity.ca/RAMlegacy/ramlegacy-bug-reporting/414","benevolent dictator QAQC"
"NEFSC-WHAKEGBGOM-1963-2007-SOSEBEE","WHAKEGBGOM","White hake Georges Bank / Gulf of Maine","http://www.marinebiodiversity.ca/RAMlegacy/ramlegacy-bug-reporting/415","benevolent dictator QAQC"
"NEFSC-SCALLGB-1964-2006-HART","SCALLGB","Sea scallop Georges Bank","http://www.marinebiodiversity.ca/RAMlegacy/ramlegacy-bug-reporting/417","benevolent dictator QAQC"
"NEFSC-SCALLMATLC-1964-2006-HART","SCALLMATLC","Sea scallop Mid-Atlantic Coast","http://www.marinebiodiversity.ca/RAMlegacy/ramlegacy-bug-reporting/418","benevolent dictator QAQC"
"NIWA-AUSSALMONNZ-1975-2006-JENSEN","AUSSALMONNZ","Australian salmon New Zealand","http://www.marinebiodiversity.ca/RAMlegacy/ramlegacy-bug-reporting/419","benevolent dictator QAQC"
"CCAMLR-ATOOTHFISHRS-1995-2007-JENSEN","ATOOTHFISHRS","Antarctic toothfish Ross Sea","http://www.marinebiodiversity.ca/RAMlegacy/ramlegacy-bug-reporting/420","benevolent dictator QAQC"
"NZMFishDEEPWATER-SMOOTHOREOCR-1979-2006-JENSEN","SMOOTHOREOCR","Smooth oreo Chatham Rise","http://www.marinebiodiversity.ca/RAMlegacy/ramlegacy-bug-reporting/423","benevolent dictator QAQC"
"SPRFMO-CHTRACCH-1950-2010-RICARD","CHTRACCH","Chilean jack mackerel Chilean EEZ and offshore","http://www.marinebiodiversity.ca/RAMlegacy/ramlegacy-bug-reporting/424",""
"SFI-WPOLLNSO-1985-1994-JENSEN","WPOLLNSO","Walleye pollock Northern Sea of Okhotsk","http://www.marinebiodiversity.ca/RAMlegacy/ramlegacy-bug-reporting/425","benevolent dictator QAQC"
"VNIRO-WPOLLWBS-1994-2004-JENSEN","WPOLLWBS","Walleye pollock Western Bering Sea","http://www.marinebiodiversity.ca/RAMlegacy/ramlegacy-bug-reporting/426","benevolent dictator QAQC"
"NEFSC-SDOGATLC-1962-2006-SOSEBEE","SDOGATLC","Spiny dogfish Atlantic Coast","http://www.marinebiodiversity.ca/RAMlegacy/ramlegacy-bug-reporting/427","benevolent dictator QAQC"
"NEFSC-BSKAT5YZSNE-1963-2005-SOSEBEE","BSKAT5YZSNE","Barndoor skate Gulf of Marine / Georges Bank-Southern New England","http://www.marinebiodiversity.ca/RAMlegacy/ramlegacy-bug-reporting/428","benevolent dictator QAQC"
"NEFSC-CSKATMATLC-1975-2005-SOSEBEE","CSKATMATLC","Clearnose skate Mid-Atlantic Coast","http://www.marinebiodiversity.ca/RAMlegacy/ramlegacy-bug-reporting/429","benevolent dictator QAQC"
"NEFSC-LSKAT5YCHATT-1968-2006-SOSEBEE","LSKAT5YCHATT","Little skate Gulf of Maine / Cape Hatteras","http://www.marinebiodiversity.ca/RAMlegacy/ramlegacy-bug-reporting/430","benevolent dictator QAQC"
"NEFSC-RSKATMATLC-1967-2005-SOSEBEE","RSKATMATLC","Rosette skate Mid-Atlantic Coast","http://www.marinebiodiversity.ca/RAMlegacy/ramlegacy-bug-reporting/431","benevolent dictator QAQC"
"NEFSC-SSKAT5YZSNE-1963-2005-SOSEBEE","SSKAT5YZSNE","Smooth skate Gulf of Marine / Georges Bank-Southern New England","http://www.marinebiodiversity.ca/RAMlegacy/ramlegacy-bug-reporting/432","benevolent dictator QAQC"
"NEFSC-TSKAT5YZSNE-1963-2005-SOSEBEE","TSKAT5YZSNE","Thorny skate Gulf of Marine / Georges Bank-Southern New England","http://www.marinebiodiversity.ca/RAMlegacy/ramlegacy-bug-reporting/433","benevolent dictator QAQC"
"NEFSC-WSKAT5YCHATT-1967-2005-SOSEBEE","WSKAT5YCHATT","Winter skate Gulf of Maine / Cape Hatteras","http://www.marinebiodiversity.ca/RAMlegacy/ramlegacy-bug-reporting/434","benevolent dictator QAQC"
"NEFSC-SURFMATLC-1965-2008-JACOBSON","SURFMATLC","Atlantic surfclam Mid-Atlantic Coast","http://www.marinebiodiversity.ca/RAMlegacy/ramlegacy-bug-reporting/436","benevolent dictator QAQC"
"NEFSC-QUAHATLC-1978-2008-CHUTE","QUAHATLC","Ocean quahog Atlantic Coast","http://www.marinebiodiversity.ca/RAMlegacy/ramlegacy-bug-reporting/437","benevolent dictator QAQC"
"NEFSC-WEAKFISHATLC-1981-2008-STANTON","WEAKFISHATLC","Weakfish Atlantic Coast","http://www.marinebiodiversity.ca/RAMlegacy/ramlegacy-bug-reporting/449",""
"DFO-PAC-SABLEFPCAN-1913-2004-STANTON","SABLEFPCAN","Sablefish Pacific Coast of Canada","http://www.marinebiodiversity.ca/RAMlegacy/ramlegacy-bug-reporting/454","benevolent dictator QAQC"
"SEFSC-RSNAPEGM-1872-2003-STANTON","RSNAPEGM","Red snapper Eastern Gulf of Mexico","http://www.marinebiodiversity.ca/RAMlegacy/ramlegacy-bug-reporting/455","benevolent dictator QAQC"
"SEFSC-RSNAPWGM-1880-2003-STANTON","RSNAPWGM","Red snapper Western Gulf of Mexico","http://www.marinebiodiversity.ca/RAMlegacy/ramlegacy-bug-reporting/456","benevolent dictator QAQC"
"IMARPE-PANCHPERUNC-1963-2004-RICARD","PANCHPERUNC","Peruvian anchoveta North-Central Peru","http://www.marinebiodiversity.ca/RAMlegacy/ramlegacy-bug-reporting/458",""
"CSERG-ANCHOVYKILKACS-1991-2007-JENSEN","ANCHOVYKILKACS","Anchovy kilka Caspian Sea","http://www.marinebiodiversity.ca/RAMlegacy/ramlegacy-bug-reporting/460","benevolent dictator QAQC"
"SPC-STMARLINSWPO-1950-2004-JENSEN","STMARLINSWPO","Striped marlin Southwestern Pacific Ocean","http://www.marinebiodiversity.ca/RAMlegacy/ramlegacy-bug-reporting/469","benevolent dictator QAQC"
"CSIRO-PTOOTHFISHMI-1975-2010-FAY","PTOOTHFISHMI","Patagonian toothfish Macquarie Island","http://www.marinebiodiversity.ca/RAMlegacy/ramlegacy-bug-reporting/472","benevolent dictator QAQC"
"DFO-NFLD-COD2J3KL-1850-2005-RICARD","COD2J3KL","Atlantic cod NAFO 2J3KL","http://www.marinebiodiversity.ca/RAMlegacy/ramlegacy-bug-reporting/474","benevolent dictator QAQC"
"CCSBT-SC-SBT-1931-2009-Parma","SBT","Southern bluefin tuna Southern Oceans","http://www.marinebiodiversity.ca/RAMlegacy/ramlegacy-bug-reporting/475","benevolent dictator QAQC"
"DFO-MAR-CUSK4X-1970-2007-RICARD","CUSK4X","Cusk NAFO 4X","http://www.marinebiodiversity.ca/RAMlegacy/ramlegacy-bug-reporting/476",""
"NEFSC-SFLOUNMATLC-1940-2007-BAUM","SFLOUNMATLC","Summer flounder Mid-Atlantic Coast",NA,"benevolent dictator QAQC"
