commonname1, scientificname
"African moonfish","Selene dorsalis"
"African striped grunt","Parapristipoma octolineatum"
"African threadfish","Alectis alexandrinus"
"Alaska plaice","Pleuronectes quadrituberculatus"
"Alaska pollack","Theragra chalcogramma"
"Albacore","Thunnus alalunga"
"Alewife","Alosa pseudoharengus"
"Alfonsino","Beryx decadactylus"
"Allis shad","Alosa alosa"
"Ambon emperor","Lethrinus amboinensis"
"American angler","Lophius americanus"
"American butterfish","Peprilus triacanthus"
"American conger","Conger oceanicus"
"American gizzard shad","Dorosoma cepedianum"
"American harvestfish","Peprilus paru"
"American plaice","Hippoglossoides platessoides"
"American shad","Alosa sapidissima"
"Anchoveta","Engraulis ringens"
"Angelshark","Squatina squatina"
"Angler","Lophius piscatorius"
"Angola dentex","Dentex angolensis"
"Angular roughshark","Oxynotus centrina"
"Annular seabream","Diplodus annularis"
"Antarctic armless flounder","Mancopsetta maculata antarctica"
"Antarctic butterfish","Hyperoglyphe antarctica"
"Antarctic silverfish","Pleuragramma antarcticum"
"Antarctic toothfish","Dissostichus mawsoni"
"Araucanian herring","Strangomera bentincki"
"Arctic cisco","Coregonus autumnalis"
"Arctic skate","Amblyraja hyperborea"
"Areolate grouper","Epinephelus areolatus"
"Argentine","Argentina sphyraena"
"Argentine anchoita","Engraulis anchoita"
"Argentine angelshark","Squatina argentina"
"Argentine conger","Conger orbignianus"
"Argentine croaker","Umbrina canosai"
"Argentine goatfish","Mullus argentinae"
"Argentine hake","Merluccius hubbsi"
"Argentine menhaden","Brevoortia pectinata"
"Argentinian sandperch","Pseudopercis semifasciata"
"Arrowtooth flounder","Atheresthes stomias"
"Atka mackerel","Pleurogrammus monopterygius"
"Atlantic anchoveta","Cetengraulis edentulus"
"Atlantic blue marlin","Makaira nigricans"
"Atlantic bluefin tuna","Thunnus thynnus"
"Atlantic bonito","Sarda sarda"
"Atlantic bumper","Chloroscombrus chrysurus"
"Atlantic cod","Gadus morhua"
"Atlantic croaker","Micropogonias undulatus"
"Atlantic emperor","Lethrinus atlanticus"
"Atlantic goldeye tilefish","Caulolatilus chrysops"
"Atlantic halibut","Hippoglossus hippoglossus"
"Atlantic herring","Clupea harengus"
"Atlantic horse mackerel","Trachurus trachurus"
"Atlantic mackerel","Scomber scombrus"
"Atlantic menhaden","Brevoortia tyrannus"
"Atlantic moonfish","Selene setapinnis"
"Atlantic pomfret","Brama brama"
"Atlantic rainbow smelt","Osmerus mordax mordax"
"Atlantic sailfish","Istiophorus albicans"
"Atlantic salmon","Salmo salar"
"Atlantic saury","Scomberesox saurus saurus"
"Atlantic silverside","Menidia menidia"
"Atlantic spotted flounder","Citharus linguatula"
"Atlantic thread herring","Opisthonema oglinum"
"Atlantic tomcod","Microgadus tomcod"
"Atlantic tripletail","Lobotes surinamensis"
"Atlantic white marlin","Tetrapturus albidus"
"Australian ruff","Arripis georgianus"
"Axillary seabream","Pagellus acarne"
"Bairds smooth-head","Alepocephalus bairdii"
"Bali sardinella","Sardinella lemuru"
"Ballan wrasse","Labrus bergylta"
"Ballyhoo","Hemiramphus brasiliensis"
"Baltic herring","Clupea harengus membras"
"Baltic sprat","Sprattus sprattus balticus"
"Banded yellowfish","Centriscops humerosus"
"Bar jack","Carangoides ruber"
"Barndoor skate","Dipturus laevis"
"Barramundi","Lates calcarifer"
"Barred flagtail","Kuhlia mugil"
"Barred grunt","Conodon nobilis"
"Barred thicklip","Hemigymnus fasciatus"
"Bartail flathead","Platycephalus indicus"
"Basketwork eel","Diastobranchus capensis"
"Basking shark","Cetorhinus maximus"
"Bastard grunt","Pomadasys incisus"
"Bastard halibut","Paralichthys olivaceus"
"Bay anchovy","Anchoa mitchilli"
"Bearded brotula","Brotula barbata"
"Benguela hake","Merluccius polli"
"Benthalbella elongata","Benthalbella elongata"
"Bering cisco","Coregonus laurettae"
"Bermuda anchovy","Anchoa choerostoma"
"Bermuda halfbeak","Hemiramphus bermudensis"
"Bermuda sea chub","Kyphosus saltatrix"
"Bible icefish","Neopagetopsis ionah"
"Bicolour parrotfish","Cetoscarus bicolor"
"Bigeye grenadier","Macrourus holotrachys"
"Bigeye grunt","Brachydeuterus auritus"
"Bigeye scad","Selar crumenophthalmus"
"Bigeye thresher","Alopias superciliosus"
"Bigeye trevally","Caranx sexfasciatus"
"Bigeye tuna","Thunnus obesus"
"Biglip grunt","Plectorhinchus macrolepis"
"Bignose unicornfish","Naso vlamingii"
"Big-scale sand smelt","Atherina boyeri"
"Bigspined boarfish","Pentaceros decacanthus"
"Birdbeak dogfish","Deania calcea"
"Black and white snapper","Macolor niger"
"Black cusk-eel","Genypterus maculatus"
"Black dogfish","Centroscyllium fabricii"
"Black driftfish","Hyperoglyphe bythites"
"Black drum","Pogonias cromis"
"Black goby","Gobius niger"
"Black grouper","Mycteroperca bonaci"
"Black jack","Caranx lugubris"
"Black marlin","Makaira indica"
"Black oreo","Allocyttus niger"
"Black pomfret","Parastromateus niger"
"Black porgy","Acanthopagrus schlegelii schlegelii"
"Black rockfish","Sebastes melanops"
"Black scabbardfish","Aphanopus carbo"
"Black scorpionfish","Scorpaena porcus"
"Black Sea sprat","Clupeonella cultriventris"
"Black seabass","Centropristis striata"
"Black seabream","Spondyliosoma cantharus"
"Black skipjack","Euthynnus lineatus"
"Black squirrelfish","Neoniphon opercularis"
"Blackbanded trevally","Seriolina nigrofasciata"
"Black-bellied angler","Lophius budegassa"
"Blackbelly rosefish","Helicolenus dactylopterus dactylopterus"
"Blackeye thicklip","Hemigymnus melapterus"
"Blackfin goosefish","Lophius gastrophysus"
"Blackfin icefish","Chaenocephalus aceratus"
"Blackfin tuna","Thunnus atlanticus"
"Blackfish","Centrolophus niger"
"Blackmouth catshark","Galeus melastomus"
"Blacksaddle grouper","Epinephelus howlandi"
"Blackspot seabream","Pagellus bogaraveo"
"Blackspotted rubberlips","Plectorhinchus gaterinus"
"Black-streaked monocle bream","Scolopsis taeniatus"
"Blacktail snapper","Lutjanus fulvus"
"Blacktip grouper","Epinephelus fasciatus"
"Blacktip reef shark","Carcharhinus melanopterus"
"Blacktip shark","Carcharhinus limbatus"
"Blochs gizzard shad","Nematalosa nasus"
"Blonde ray","Raja brachyura"
"Blotched picarel","Spicara maena"
"Blotcheye soldierfish","Myripristis berndti"
"Blue and gold fusilier","Caesio caerulaurea"
"Blue antimora","Antimora rostrata"
"Blue butterfish","Stromateus fiatola"
"Blue cod","Parapercis colias"
"Blue grenadier","Macruronus novaezelandiae"
"Blue jack mackerel","Trachurus picturatus"
"Blue ling","Molva dypterygia"
"Blue mackerel","Scomber australasicus"
"Blue runner","Caranx crysos"
"Blue shark","Prionace glauca"
"Blue skate","Dipturus batis"
"Blue whiting","Micromesistius poutassou"
"Blueback shad","Alosa aestivalis"
"Blue-barred parrotfish","Scarus ghobban"
"Bluefin gurnard","Chelidonichthys kumu"
"Bluefin trevally","Caranx melampygus"
"Bluefish","Pomatomus saltatrix"
"Bluelined squirrelfish","Sargocentron tiere"
"Bluespine unicornfish","Naso unicornis"
"Bluespot mullet","Valamugil seheli"
"Bluespotted seabream","Pagrus caeruleostictus"
"Bluestripe herring","Herklotsichthys quadrimaculatus"
"Blunt scalyhead","Trematomus eulepidotus"
"Bluntnose sixgill shark","Hexanchus griseus"
"Boarfish","Capros aper"
"Bobo croaker","Pseudotolithus elongatus"
"Bobo mullet","Joturus pichardi"
"Bocaccio","Sebastes paucispinis"
"Boe drum","Pteroscion peli"
"Bogue","Boops boops"
"Bombay duck","Harpadon nehereus"
"Bonefish","Albula vulpes"
"Bonga shad","Ethmalosa fimbriata"
"Borostomias antarcticus","Borostomias antarcticus"
"Bramble shark","Echinorhinus brucus"
"Brassy chub","Kyphosus vaigiensis"
"Brassy trevally","Caranx papuensis"
"Brazilian codling","Urophycis brasiliensis"
"Brazilian flathead","Percophis brasiliensis"
"Brazilian menhaden","Brevoortia aurea"
"Brazilian sardinella","Sardinella brasiliensis"
"Brick soldierfish","Myripristis amaena"
"Brill","Scophthalmus rhombus"
"Broad whitefish","Coregonus nasus"
"Broadnose sevengill shark","Notorynchus cepedianus"
"Broad-striped anchovy","Anchoa hepsetus"
"Broomtail grouper","Mycteroperca xenarcha"
"Brown meagre","Sciaena umbra"
"Brown smooth-hound","Mustelus henlei"
"Brown-marbled grouper","Epinephelus fuscoguttatus"
"Brownspotted grouper","Epinephelus chlorostigma"
"Brushtooth lizardfish","Saurida undosquamis"
"Bullet tuna","Auxis rochei rochei"
"Bulls-eye","Epigonus telescopus"
"Cabezon","Scorpaenichthys marmoratus"
"Cabinza grunt","Isacia conceptionis"
"Caitipa mojarra","Diapterus rhombeus"
"California flounder","Paralichthys californicus"
"California sheephead","Semicossyphus pulcher"
"Californian anchovy","Engraulis mordax"
"Camouflage grouper","Epinephelus polyphekadion"
"Canary damsel","Abudefduf luridus"
"Canary drum","Umbrina canariensis"
"Canary rockfish","Sebastes pinniger"
"Cape anchovy","Engraulis capensis"
"Cape elephantfish","Callorhinchus capensis"
"Cape gurnard","Chelidonichthys capensis"
"Cape horse mackerel","Trachurus capensis"
"Cape monk","Lophius vomerinus"
"Capelin","Mallotus villosus"
"Capro dory","Capromimus abbreviatus"
"Cardinal snapper","Pristipomoides macrophthalmus"
"Carolines parrotfish","Calotomus carolinus"
"Carpenter seabream","Argyrozona argyrozona"
"Cassava croaker","Pseudotolithus senegalensis"
"Cero","Scomberomorus regalis"
"Chacunda gizzard shad","Anodontostoma chacunda"
"Charr","Salvelinus alpinus alpinus"
"Cherry salmon","Oncorhynchus masou masou"
"Chilipepper","Sebastes goodei"
"Chinese gizzard shad","Clupanodon thrissa"
"Chinese silver pomfret","Pampus chinensis"
"Chinook salmon","Oncorhynchus tshawytscha"
"Chionobathyscus dewitti","Chionobathyscus dewitti"
"Chionodraco myersi","Chionodraco myersi"
"Chocolate hind","Cephalopholis boenak"
"Choicy ruff","Seriolella porosa"
"Chola guitarfish","Rhinobatos percellens"
"Chub mackerel","Scomber japonicus"
"Chum salmon","Oncorhynchus keta"
"Coastal trevally","Carangoides coeruleopinnatus"
"Cobia","Rachycentron canadum"
"Cocoa snapper","Paracaesio stonei"
"Coho salmon","Oncorhynchus kisutch"
"Comber","Serranus cabrilla"
"Comet grouper","Epinephelus morrhua"
"Common Atlantic grenadier","Nezumia aequalis"
"Common bluestripe snapper","Lutjanus kasmira"
"Common dentex","Dentex dentex"
"Common dolphinfish","Coryphaena hippurus"
"Common eagle ray","Myliobatis aquila"
"Common mora","Mora moro"
"Common pandora","Pagellus erythrinus"
"Common parrotfish","Scarus psittacus"
"Common seabream","Pagrus pagrus"
"Common silver-biddy","Gerres oyena"
"Common snook","Centropomus undecimalis"
"Common sole","Solea solea"
"Common stingray","Dasyatis pastinaca"
"Common two-banded seabream","Diplodus vulgaris"
"Common warehou","Seriolella brama"
"Common whitefish","Coregonus lavaretus"
"Coney","Cephalopholis fulva"
"Congo dentex","Dentex congoensis"
"Convict surgeonfish","Acanthurus triostegus"
"Copper shark","Carcharhinus brachyurus"
"Coral hind","Cephalopholis miniata"
"Corkwing wrasse","Symphodus melops"
"Cornet fish","Fistularia tabacaria"
"Corvina","Cilus gilberti"
"Creole-fish","Paranthias furcifer"
"Crevalle jack","Caranx hippos"
"Crimson jobfish","Pristipomoides filamentosus"
"Cryodraco antarcticus","Cryodraco antarcticus"
"Cuckoo ray","Leucoraja naevus"
"Cunene horse mackerel","Trachurus trecae"
"Cunner","Tautogolabrus adspersus"
"Curlfin sole","Pleuronichthys decurrens"
"Dab","Limanda limanda"
"Daggertooth pike conger","Muraenesox cinereus"
"Daisy parrotfish","Chlorurus sordidus"
"Damselfish","Chromis chromis"
"Dark ghost shark","Hydrolagus novaezealandiae"
"Dark-banded fusilier","Pterocaesio tile"
"Dark-belly skate","Bathyraja meridionalis"
"Darkcapped parrotfish","Scarus oviceps"
"Darkfin hind","Cephalopholis urodeta"
"Dash-and-dot goatfish","Parupeneus barberinus"
"Deepwater redfish","Sebastes mentella"
"Derbio","Trachinotus ovatus"
"Devil fish","Mobula mobular"
"Dogtooth tuna","Gymnosarda unicolor"
"Dolly varden","Salvelinus malma malma"
"Dorab wolf-herring","Chirocentrus dorab"
"Doublebar goatfish","Parupeneus trifasciatus"
"Double-lined mackerel","Grammatorcynus bilineatus"
"Doublespotted queenfish","Scomberoides lysan"
"Dover sole","Microstomus pacificus"
"Dungat grouper","Epinephelus goreensis"
"Dusky grouper","Epinephelus marginatus"
"Dusky shark","Carcharhinus obscurus"
"East Atlantic red gurnard","Aspitrigla cuculus"
"Eastern Australian salmon","Arripis trutta"
"Eastern Pacific bonito","Sarda chiliensis chiliensis"
"Eatons skate","Bathyraja eatonii"
"Elongate ilisha","Ilisha elongata"
"Ember parrotfish","Scarus rubroviolaceus"
"English sole","Parophrys vetulus"
"Epaulette surgeonfish","Acanthurus nigricauda"
"Escolar","Lepidocybium flavobrunneum"
"Eulachon","Thaleichthys pacificus"
"European anchovy","Engraulis encrasicolus"
"European conger","Conger conger"
"European hake","Merluccius merluccius"
"European pilchard","Sardina pilchardus"
"European plaice","Pleuronectes platessa"
"European seabass","Dicentrarchus labrax"
"European smelt","Osmerus eperlanus"
"European sprat","Sprattus sprattus"
"Eyestripe surgeonfish","Acanthurus dussumieri"
"Falkland sprat","Sprattus fuegensis"
"False scad","Caranx rhonchus"
"False trevally","Lactarius lactarius"
"Feathered river-garfish","Zenarchopterus dispar"
"Filament-finned parrotfish","Scarus altipinnis"
"Finstripe goatfish","Upeneus taeniopterus"
"Fivebeard rockling","Ciliata mustela"
"Five-lined snapper","Lutjanus quinquelineatus"
"Flame snapper","Etelis coruscans"
"Flat needlefish","Ablennes hians"
"Flathead mullet","Mugil cephalus"
"Flathead sole","Hippoglossoides elassodon"
"Floral wrasse","Cheilinus chlorourus"
"Florida pompano","Trachinotus carolinus"
"Flounder","Platichthys flesus"
"Flowery flounder","Bothus mancus"
"Forkbeard","Phycis phycis"
"Forstens parrotfish","Scarus forsteni"
"Fourbeard rockling","Enchelyopus cimbrius"
"Fourfinger threadfin","Eleutheronema tetradactylum"
"Fourhorn sculpin","Triglopsis quadricornis"
"Fourlined terapon","Pelates quadrilineatus"
"Fourspotted megrim","Lepidorhombus boscii"
"Frigate tuna","Auxis thazard thazard"
"Gag","Mycteroperca microlepis"
"Garpike","Belone belone"
"Gaudy notothen","Lepidonotothen nudifrons"
"Geelbeck croaker","Atractoscion aequidens"
"Ghost shark","Callorhinchus milii"
"Giant African threadfin","Polydactylus quadrifilis"
"Giant boarfish","Paristiopterus labiosus"
"Giant grouper","Epinephelus lanceolatus"
"Giant guitarfish","Rhynchobatus djiddensis"
"Giant sea-bass","Stereolepis gigas"
"Giant seacatfish","Arius thalassinus"
"Giant stargazer","Kathetostoma giganteum"
"Giant trevally","Caranx ignobilis"
"Gilthead seabream","Sparus aurata"
"Glasseye","Heteropriacanthus cruentatus"
"Globehead parrotfish","Scarus globiceps"
"Goldbanded jobfish","Pristipomoides multidens"
"Golden eye jobfish","Pristipomoides flavipinnis"
"Golden grey mullet","Liza aurata"
"Golden threadfin bream","Nemipterus virgatus"
"Golden trevally","Gnathanodon speciosus"
"Goldflag jobfish","Pristipomoides auricilla"
"Goldsaddle goatfish","Parupeneus cyclostomus"
"Goldsinny-wrasse","Ctenolabrus rupestris"
"Goldspotted spinefoot","Siganus punctatus"
"Goldstripe sardinella","Sardinella gibbosa"
"Gray weakfish","Cynoscion regalis"
"Greasy grouper","Epinephelus tauvina"
"Great barracuda","Sphyraena barracuda"
"Great northern tilefish","Lopholatilus chamaeleonticeps"
"Great white shark","Carcharodon carcharias"
"Greater amberjack","Seriola dumerili"
"Greater argentine","Argentina silus"
"Greater forkbeard","Phycis blennoides"
"Greater lizardfish","Saurida tumbil"
"Greater weever","Trachinus draco"
"Green humphead parrotfish","Bolbometopon muricatum"
"Green jobfish","Aprion virescens"
"Greenback horse mackerel","Trachurus declivis"
"Greenland cod","Gadus ogac"
"Greenland halibut","Reinhardtius hippoglossoides"
"Greenland shark","Somniosus microcephalus"
"Grenadier cod","Tripterophycis gilchristi"
"Grey gurnard","Eutrigla gurnardus"
"Grey rockcod","Lepidonotothen squamifrons"
"Grey sea chub","Kyphosus bigibbus"
"Grey snapper","Lutjanus griseus"
"Grey triggerfish","Balistes capriscus"
"Greyfin croaker","Pennahia anea"
"Guinean striped mojarra","Gerres nigri"
"Gulf kingcroaker","Menticirrhus littoralis"
"Gulf menhaden","Brevoortia patronus"
"Gulf parrotfish","Scarus persicus"
"Gulper shark","Centrophorus granulosus"
"Haddock","Melanogrammus aeglefinus"
"Haffara seabream","Rhabdosargus haffara"
"Hagfish","Myxine glutinosa"
"Hapuka","Polyprion oxygeneios"
"Harvestfish","Peprilus alepidotus"
"Hectors lanternfish","Lampanyctodes hectoris"
"Hickory shad","Alosa mediocris"
"Hilsa shad","Tenualosa ilisha"
"Honeycomb grouper","Epinephelus merra"
"Hound needlefish","Tylosurus crocodilus crocodilus"
"Houting","Coregonus oxyrinchus"
"Humpback grouper","Cromileptes altivelis"
"Humpback red snapper","Lutjanus gibbus"
"Humped rockcod","Gobionotothen gibberifrons"
"Humphead wrasse","Cheilinus undulatus"
"Humpnose big-eye bream","Monotaxis grandoculis"
"Imperial blackfish","Schedophilus ovalis"
"Inca scad","Trachurus murphyi"
"Inconnu","Stenodus leucichthys"
"Indian ariomma","Ariomma indica"
"Indian goatfish","Parupeneus indicus"
"Indian mackerel","Rastrelliger kanagurta"
"Indian oil sardine","Sardinella longiceps"
"Indian pellona","Pellona ditchela"
"Indian pompano","Trachinotus mookalee"
"Indian scad","Decapterus russelli"
"Indian spiny turbot","Psettodes erumei"
"Indo-Pacific blue marlin","Makaira mazara"
"Indo-Pacific king mackerel","Scomberomorus guttatus"
"Indo-Pacific sailfish","Istiophorus platypterus"
"Indo-Pacific sergeant","Abudefduf vaigiensis"
"Indo-Pacific tarpon","Megalops cyprinoides"
"Intermediate scabbardfish","Aphanopus intermedius"
"Island trevally","Carangoides orthogrammus"
"Japanese anchovy","Engraulis japonicus"
"Japanese flyingfish","Cheilopogon agoo"
"Japanese halfbeak","Hyporhamphus sajori"
"Japanese jack mackerel","Trachurus japonicus"
"Japanese sardinella","Sardinella zunasi"
"Japanese scad","Decapterus maruadsi"
"Japanese seaperch","Lateolabrax japonicus"
"Japanese Spanish mackerel","Scomberomorus niphonius"
"Japanese splitfin","Synagrops japonicus"
"Japanese threadfin bream","Nemipterus japonicus"
"Jarbua terapon","Terapon jarbua"
"Javelin grunter","Pomadasys kaakan"
"John dory","Zeus faber"
"Johns snapper","Lutjanus johnii"
"Jolthead porgy","Calamus bajonado"
"Kamchatka flounder","Atheresthes evermanni"
"Kanda","Valamugil engeli"
"Karenteen seabream","Crenidens crenidens"
"Kawakawa","Euthynnus affinis"
"Kelee shad","Hilsa kelee"
"Kerguelen sandpaper skate","Bathyraja irrasa"
"King dory","Cyttus traversi"
"King mackerel","Scomberomorus cavalla"
"King of herrings","Regalecus glesne"
"King soldierbream","Argyrops spinifer"
"King weakfish","Macrodon ancylodon"
"Kingklip","Genypterus capensis"
"Kitefin shark","Dalatias licha"
"Klunzingers mullet","Liza klunzingeri"
"Knifetooth dogfish","Scymnodon ringens"
"Konoshiro gizzard shad","Konosirus punctatus"
"Korean sandeel","Hypoptychus dybowskii"
"Ladyfish","Elops saurus"
"Lane snapper","Lutjanus synagris"
"Large yellow croaker","Larimichthys crocea"
"Large-eye dentex","Dentex macrophthalmus"
"Large-eyed rabbitfish","Hydrolagus mirabilis"
"Largehead hairtail","Trichiurus lepturus"
"Large-scaled gurnard","Lepidotrigla cavillone"
"Largescaled scorpionfish","Scorpaena scrofa"
"Latchet","Pterygotrigla polyommata"
"Lattice soldierfish","Myripristis violacea"
"Law croaker","Pseudotolithus senegallus"
"Leafscale gulper shark","Centrophorus squamosus"
"Leaping mullet","Liza saliens"
"Leerfish","Lichia amia"
"Lemon sole","Microstomus kitt"
"Leopard coralgrouper","Plectropomus leopardus"
"Leopard flounder","Bothus pantherinus"
"Lepidonotothen larseni","Lepidonotothen larseni"
"Lesser African threadfin","Galeoides decadactylus"
"Lined surgeonfish","Acanthurus lineatus"
"Ling","Molva molva"
"Lingcod","Ophiodon elongatus"
"Little skate","Leucoraja erinacea"
"Little sleeper shark","Somniosus rostratus"
"Little spinefoot","Siganus spinus"
"Little tunny","Euthynnus alletteratus"
"Littlemouth flounder","Pseudopleuronectes herzensteini"
"Liza","Mugil liza"
"Longbill spearfish","Tetrapturus pfluegeri"
"Longface emperor","Lethrinus olivaceus"
"Longfin armorhead","Pseudopentaceros pectoralis"
"Longfin bonefish","Pterothrissus belloci"
"Longfin codling","Laemonema longipes"
"Longfin kob","Atrobucca nibe"
"Longfin mako","Isurus paucus"
"Longnose velvet dogfish","Centroselachus crepidater"
"Longnosed skate","Dipturus oxyrinchus"
"Longspine snipefish","Macroramphosus scolopax"
"Longtail tuna","Thunnus tonggol"
"Lowfin gulper shark","Centrophorus lusitanicus"
"Luderick","Girella tricuspidata"
"Lumpsucker","Cyclopterus lumpus"
"Lusitanian toadfish","Halobatrachus didactylus"
"Mackerel icefish","Champsocephalus gunnari"
"Mackerel scad","Decapterus macarellus"
"Madeiran sardinella","Sardinella maderensis"
"Malabar blood snapper","Lutjanus malabaricus"
"Malabar trevally","Carangoides malabaricus"
"Mangrove red snapper","Lutjanus argentimaculatus"
"Manybar goatfish","Parupeneus multifasciatus"
"Marbled rockcod","Notothenia rossii"
"Marrs fusilier","Pterocaesio marri"
"McCains skate","Bathyraja maccaini"
"Meagre","Argyrosomus regius"
"Mediterranean horse mackerel","Trachurus mediterraneus"
"Mediterranean moray","Muraena helena"
"Mediterranean slimehead","Hoplostethus mediterraneus mediterraneus"
"Megrim","Lepidorhombus whiffiagonis"
"Melon seed","Psenopsis anomala"
"Mi-iuy croaker","Miichthys miiuy"
"Minstrel sweetlip","Plectorhinchus schotaf"
"Mirror dory","Zenopsis nebulosa"
"Misty grouper","Epinephelus mystacinus"
"Moonfish","Mene maculata"
"Morocco dentex","Dentex maroccanus"
"Mud sole","Austroglossus pectoralis"
"Muksun","Coregonus muksun"
"Murrays skate","Bathyraja murrayi"
"Mutton snapper","Lutjanus analis"
"Narrow-barred Spanish mackerel","Scomberomorus commerson"
"Narrownose smooth-hound","Mustelus schmitti"
"Naso caesius","Naso caesius"
"Nassau grouper","Epinephelus striatus"
"Navaga","Eleginus nawaga"
"Needlescaled queenfish","Scomberoides tol"
"Nibe croaker","Nibea mitsukurii"
"Normans camote","Normanichthys crockeri"
"North Pacific hake","Merluccius productus"
"Northern kingcroaker","Menticirrhus saxatilis"
"Northern puffer","Sphoeroides maculatus"
"Northern red snapper","Lutjanus campechanus"
"Northern wolffish","Anarhichas denticulatus"
"Norway pout","Trisopterus esmarkii"
"Norway redfish","Sebastes viviparus"
"Nurse shark","Ginglymostoma cirratum"
"Nursehound","Scyliorhinus stellaris"
"Oblique-banded snapper","Pristipomoides zonatus"
"Obtuse barracuda","Sphyraena obtusata"
"Ocean perch","Sebastes marinus"
"Ocean pout","Zoarces americanus"
"Ocean sunfish","Mola mola"
"Ocean whitefish","Caulolatilus princeps"
"Oceanic whitetip shark","Carcharhinus longimanus"
"Ocellated icefish","Chionodraco rastrospinosus"
"Offshore rockfish","Pontinus kuhlii"
"Oilfish","Ruvettus pretiosus"
"Okhostk atka mackerel","Pleurogrammus azonus"
"Onespot snapper","Lutjanus monostigma"
"Onion-eye grenadier","Macrourus berglax"
"Opah","Lampris guttatus"
"Opaleye","Girella nigricans"
"Orange perch","Lepidoperca pulchella"
"Orange roughy","Hoplostethus atlanticus"
"Orangespine unicornfish","Naso lituratus"
"Orangespot surgeonfish","Acanthurus olivaceus"
"Orange-spotted grouper","Epinephelus coioides"
"Orangespotted trevally","Carangoides bajad"
"Orange-striped emperor","Lethrinus obsoletus"
"Oriental sweetlips","Plectorhinchus orientalis"
"Ornate jobfish","Pristipomoides argyrogrammicus"
"Ornate wrasse","Thalassoma pavo"
"Pacific anchoveta","Cetengraulis mysticetus"
"Pacific bluefin tuna","Thunnus orientalis"
"Pacific bonito","Sarda chiliensis lineolata"
"Pacific bumper","Chloroscombrus orqueta"
"Pacific cod","Gadus macrocephalus"
"Pacific cornetfish","Fistularia corneta"
"Pacific guitarfish","Rhinobatos planiceps"
"Pacific halibut","Hippoglossus stenolepis"
"Pacific herring","Clupea pallasii pallasii"
"Pacific jack mackerel","Trachurus symmetricus"
"Pacific longnose parrotfish","Hipposcarus longiceps"
"Pacific menhaden","Ethmidium maculatum"
"Pacific ocean perch","Sebastes alutus"
"Pacific pompano","Peprilus simillimus"
"Pacific sanddab","Citharichthys sordidus"
"Pacific sandeel","Ammodytes personatus"
"Pacific saury","Cololabis saira"
"Pacific sierra","Scomberomorus sierra"
"Pacific thread herring","Opisthonema libertate"
"Pacific tomcod","Microgadus proximus"
"Pacific yellowtail emperor","Lethrinus atkinsoni"
"Painted sweetlip","Plectorhinchus picus"
"Painted sweetlips","Diagramma pictum"
"Panama hake","Merluccius angustimanus"
"Panga seabream","Pterogymnus laniarius"
"Parona leatherjacket","Parona signata"
"Patagonian blennie","Eleginops maclovinus"
"Patagonian grenadier","Macruronus magellanicus"
"Patagonian rockcod","Patagonotothen brevicauda brevicauda"
"Patagonian toothfish","Dissostichus eleginoides"
"Peacock hind","Cephalopholis argus"
"Pear puffer","Takifugu vermicularis"
"Pearlsides","Maurolicus muelleri"
"Pelagic armorhead","Pseudopentaceros richardsoni"
"Pemarco blackfish","Schedophilus pemarco"
"Peruvian banded croaker","Paralonchurus peruanus"
"Peruvian hake","Merluccius gayi peruanus"
"Peruvian morwong","Cheilodactylus variegatus"
"Peruvian rock seabass","Paralabrax humeralis"
"Peruvian weakfish","Cynoscion analis"
"Petrale sole","Eopsetta jordani"
"Picarel","Spicara smaris"
"Pickhandle barracuda","Sphyraena jello"
"Picnic seabream","Acanthopagrus berda"
"Pigfish","Orthopristis chrysoptera"
"Piked dogfish","Squalus acanthias"
"Pinecone soldierfish","Myripristis murdjan"
"Pink cusk-eel","Genypterus blacodes"
"Pink ear emperor","Lethrinus lentjan"
"Pink salmon","Oncorhynchus gorbuscha"
"Piper gurnard","Trigla lyra"
"Plain bonito","Orcynopsis unicolor"
"Pogonophryne permitini","Pogonophryne permitini"
"Polar cod","Boreogadus saida"
"Pollack","Pollachius pollachius"
"Pontic shad","Alosa immaculata"
"Poor cod","Trisopterus minutus"
"Porbeagle","Lamna nasus"
"Portuguese dogfish","Centroscymnus coelolepis"
"Pouting","Trisopterus luscus"
"Pudgy cuskeel","Spectrunculus grandis"
"Queen snapper","Etelis oculatus"
"Rabbit fish","Chimaera monstrosa"
"Rainbow runner","Elagatis bipinnulata"
"Rainbow sardine","Dussumieria acuta"
"Rainbow trout","Oncorhynchus mykiss"
"Ramsay's icefish","Patagonotothen ramsayi"
"Randalls threadfin bream","Nemipterus randalli"
"Red bandfish","Cepola macrophthalma"
"Red bigeye","Priacanthus macracanthus"
"Red codling","Pseudophycis bachus"
"Red cusk-eel","Genypterus chilensis"
"Red drum","Sciaenops ocellatus"
"Red grouper","Epinephelus morio"
"Red hake","Urophycis chuss"
"Red hind","Epinephelus guttatus"
"Red mullet","Mullus barbatus barbatus"
"Red pandora","Pagellus bellottii"
"Red steenbras","Petrus rupestris"
"Red stingray","Dasyatis akajei"
"Redbait","Emmelichthys nitidus nitidus"
"Redbanded seabream","Pagrus auriga"
"Redear herring","Harengula humeralis"
"Redfish","Centroberyx affinis"
"Redmouth grouper","Aethaloperca rogaa"
"Rex sole","Glyptocephalus zachirus"
"Ringtail maori wrasse","Oxycheilinus unifasciatus"
"Ringtail surgeonfish","Acanthurus blochii"
"Rissos smooth-head","Alepocephalus rostratus"
"Rock sole","Lepidopsetta bilineata"
"Roudi escolar","Promethichthys prometheus"
"Rough scad","Trachurus lathami"
"Roughsnout grenadier","Trachyrincus scabrus"
"Roughtail stingray","Dasyatis centroura"
"Round herring","Etrumeus teres"
"Round sardinella","Sardinella aurita"
"Roundnose grenadier","Coryphaenoides rupestris"
"Roving coralgrouper","Plectropomus pessuliferus"
"Royal threadfin","Pentanemus quinquarius"
"Rubberlip grunt","Plectorhinchus mediterraneus"
"Ruby snapper","Etelis carbunculus"
"Rusty jobfish","Aphareus rutilans"
"Sablefish","Anoplopoma fimbria"
"Sabre squirrelfish","Sargocentron spiniferum"
"Saddle-back snapper","Paracaesio kusakarii"
"Saddled seabream","Oblada melanura"
"Saffron cod","Eleginus gracilis"
"Sailfin roughshark","Oxynotus paradoxus"
"Sailfin sandfish","Arctoscopus japonicus"
"Sailray","Dipturus linteus"
"Saithe","Pollachius virens"
"Salema","Sarpa salpa"
"Sand seabass","Diplectrum formosum"
"Sand smelt","Atherina presbyter"
"Sand sole","Pegusa lascaris"
"Sand tiger shark","Carcharias taurus"
"Sandbar shark","Carcharhinus plumbeus"
"Sandpaper fish","Paratrachichthys trailli"
"Sandy ray","Leucoraja circularis"
"Santer seabream","Cheimerius nufar"
"Sardine cisco","Coregonus sardinella"
"Scaldfish","Arnoglossus laterna"
"Scalloped hammerhead","Sphyrna lewini"
"Scamp","Mycteroperca phenax"
"Scrawled filefish","Aluterus scriptus"
"Scup","Stenotomus chrysops"
"Sea bass","Acanthistius brasilianus"
"Sea lamprey","Petromyzon marinus"
"Sea trout","Salmo trutta trutta"
"Senegalese hake","Merluccius senegalensis"
"Senegalese sole","Solea senegalensis"
"Serra Spanish mackerel","Scomberomorus brasiliensis"
"Shadowfin soldierfish","Myripristis adusta"
"Shagreen ray","Leucoraja fullonica"
"Shallow-water Cape hake","Merluccius capensis"
"Sharpnose stingray","Himantura gerrardi"
"Sharpsnout seabream","Diplodus puntazzo"
"Sheepshead seabream","Archosargus probatocephalus"
"Shi drum","Umbrina cirrosa"
"Short mackerel","Rastrelliger brachysoma"
"Shortbeard cusk-eel","Lepophidium brevibarbe"
"Shortbill spearfish","Tetrapturus angustirostris"
"Shortfin mako","Isurus oxyrinchus"
"Shortfin scad","Decapterus macrosoma"
"Shorthead anchovy","Encrasicholina heteroloba"
"Shortspine African angler","Lophius vaillanti"
"Shortspine thornyhead","Sebastolobus alascanus"
"Shoulderbar soldierfish","Myripristis kuntee"
"Shrimp scad","Alepes djedaba"
"Sickle pomfret","Taractichthys steindachneri"
"Sidespot goatfish","Parupeneus pleurostigma"
"Silk snapper","Lutjanus vivanus"
"Silky shark","Carcharhinus falciformis"
"Silver gemfish","Rexea solandri"
"Silver grunt","Pomadasys argenteus"
"Silver hake","Merluccius bilinearis"
"Silver pomfret","Pampus argenteus"
"Silver scabbardfish","Lepidopus caudatus"
"Silver sillago","Sillago sihama"
"Silver warehou","Seriolella punctata"
"Silverside","Odontesthes regia"
"Silverstriped round herring","Spratelloides gracilis"
"Silvery John dory","Zenopsis conchifer"
"Sixblotch hind","Cephalopholis sexmaculata"
"Sixfinger threadfin","Polydactylus sexfilis"
"Skinnycheek lanternfish","Benthosema pterotum"
"Skipjack tuna","Katsuwonus pelamis"
"Sky emperor","Lethrinus mahsena"
"Sleek unicornfish","Naso hexacanthus"
"Slender codling","Halargyreus johnsonii"
"Slender rainbow sardine","Dussumieria elopsoides"
"Slender silverbiddy","Gerres oblongus"
"Slingjaw wrasse","Epibulus insidiator"
"Small toothed jobfish","Aphareus furca"
"Smalleye moray cod","Muraenolepis microps"
"Small-eyed ray","Raja microocellata"
"Smallspotted catshark","Scyliorhinus canicula"
"Smallspotted dart","Trachinotus baillonii"
"Smalltooth emperor","Lethrinus microdon"
"Smooth hammerhead","Sphyrna zygaena"
"Smooth oreo","Pseudocyttus maculatus"
"Smooth-hound","Mustelus mustelus"
"Snoek","Thyrsites atun"
"Snowy grouper","Epinephelus niveatus"
"Snubnose emperor","Lethrinus borbonicus"
"Snubnose pompano","Trachinotus blochii"
"Sockeye salmon","Oncorhynchus nerka"
"Sohal surgeonfish","Acanthurus sohal"
"So-iny (redlip) mullet","Chelon haematocheilus"
"So-iuy mullet","Mugil soiuy"
"Sompat grunt","Pomadasys jubelini"
"South American pilchard","Sardinops sagax"
"South American silver porgy","Diplodus argenteus argenteus"
"South American striped weakfish","Cynoscion striatus"
"South Georgia icefish","Pseudochaenichthys georgianus"
"South Pacific hake","Merluccius gayi gayi"
"Southern blue whiting","Micromesistius australis"
"Southern bluefin tuna","Thunnus maccoyii"
"Southern hake","Merluccius australis"
"Southern lanternshark","Etmopterus granulosus"
"Southern meagre","Argyrosomus hololepidotus"
"Southern red snapper","Lutjanus purpureus"
"Spangled emperor","Lethrinus nebulosus"
"Spanish mackerel","Scomberomorus maculatus"
"Spearnose chimaera","Rhinochimaera atlantica"
"Spiky oreo","Neocyttus rhomboidalis"
"Spiny butterfly ray","Gymnura altavela"
"Spiny horsefish","Zanclorhynchus spinifer"
"Spiny icefish","Chaenodraco wilsoni"
"Splendid alfonsino","Beryx splendens"
"Spot croaker","Leiostomus xanthurus"
"Spotcheek emperor","Lethrinus rubrioperculatus"
"Spotfin flathead","Grammoplites suppositus"
"Spot-fin porcupinefish","Diodon hystrix"
"Spottail shark","Carcharhinus sorrah"
"Spottail spiny turbot","Psettodes belcheri"
"Spotted codlet","Bregmaceros mcclellandi"
"Spotted eagle ray","Aetobatus narinari"
"Spotted estuary smooth-hound","Mustelus lenticulatus"
"Spotted grouper","Epinephelus analogus"
"Spotted ratfish","Hydrolagus colliei"
"Spotted ray","Raja montagui"
"Spotted rose snapper","Lutjanus guttatus"
"Spotted seabass","Dicentrarchus punctatus"
"Spotted weakfish","Cynoscion nebulosus"
"Spotted wolffish","Anarhichas minor"
"Squaretail coralgrouper","Plectropomus areolatus"
"Squirefish","Pagrus auratus"
"Starry flounder","Platichthys stellatus"
"Starry ray","Raja asterias"
"Starry smooth-hound","Mustelus asterias"
"Starspotted grouper","Epinephelus hexagonatus"
"Steephead parrotfish","Chlorurus microrhinos"
"Stocky hawkfish","Cirrhitus pinnulatus"
"Streaked gurnard","Trigloporus lastoviza"
"Streaked seerfish","Scomberomorus lineolatus"
"Streamlined spinefoot","Siganus argenteus"
"Striated surgeonfish","Ctenochaetus striatus"
"Striped bonito","Sarda orientalis"
"Striped eel catfish","Plotosus lineatus"
"Striped large-eye bream","Gnathodentex aureolineatus"
"Striped marlin","Tetrapturus audax"
"Striped piggy","Pomadasys stridens"
"Striped red mullet","Mullus surmuletus"
"Striped rockcod","Trematomus hansoni"
"Striped sea-bass","Morone saxatilis"
"Striped seabream","Lithognathus mormyrus"
"Summan grouper","Epinephelus summana"
"Summer flounder","Paralichthys dentatus"
"Surf smelt","Hypomesus pretiosus"
"Surge grouper","Epinephelus socialis"
"Swallowtail seaperch","Anthias anthias"
"Swordfish","Xiphias gladius"
"Tadpole codling","Salilota australis"
"Talang queenfish","Scomberoides commersonnianus"
"Tan-faced parrotfish","Chlorurus frontalis"
"Tarakihi","Nemadactylus macropterus"
"Tarpon","Megalops atlanticus"
"Tautog","Tautoga onitis"
"Thickback sole","Microchirus variegatus"
"Thicklip grey mullet","Chelon labrosus"
"Thintail thresher","Alopias vulpinus"
"Thornback ray","Raja clavata"
"Thorntooth grenadier","Lepidorhynchus denticulatus"
"Thread-sail filefish","Stephanolepis cirrhifer"
"Thumbprint emperor","Lethrinus harak"
"Tiger grouper","Mycteroperca tigris"
"Tiger shark","Galeocerdo cuvier"
"Tiger-toothed croaker","Otolithes ruber"
"Tilefish","Prolatilus jugularis"
"Toad notothen","Lepidonotothen mizops"
"Toli shad","Tenualosa toli"
"Tomato hind","Cephalopholis sonnerati"
"Toothpony","Gazza minuta"
"Tope shark","Galeorhinus galeus"
"Torpedo scad","Megalaspis cordyla"
"Totoaba","Totoaba macdonaldi"
"Triangular notothen","Gobionotothen acuta"
"Tripletail wrasse","Cheilinus trilobatus"
"Trout sweetlips","Plectorhinchus pictus"
"Tub gurnard","Chelidonichthys lucerna"
"Turbot","Psetta maxima"
"Tusk","Brosme brosme"
"Twaite shad","Alosa fallax"
"Twobar seabream","Acanthopagrus bifasciatus"
"Two-lined monocle bream","Scolopsis bilineata"
"Two-spot red snapper","Lutjanus bohar"
"Undulate ray","Raja undulata"
"Unicorn icefish","Channichthys rhinoceratus"
"Velvet belly lantern shark","Etmopterus spinax"
"Velvet leatherjacket","Meuschenia scaber"
"Vendace","Coregonus albula"
"Vermilion snapper","Rhomboplites aurorubens"
"Viviparous blenny","Zoarces viviparus"
"Wahoo","Acanthocybium solandri"
"Warsaw grouper","Epinephelus nigritus"
"Wedge sole","Dicologlossa cuneata"
"West African goatfish","Pseudupeneus prayensis"
"West African ilisha","Ilisha africana"
"West African ladyfish","Elops lacerta"
"West African Spanish mackerel","Scomberomorus tritor"
"West American sand sole","Psettichthys melanostictus"
"West coast sole","Austroglossus microlepis"
"White baggar","Galeichthys feliceps"
"White croaker","Genyonemus lineatus"
"White croaker","Pennahia argentata"
"White grouper","Epinephelus aeneus"
"White hake","Urophycis tenuis"
"White morwong","Nemadactylus bergi"
"White perch","Morone americana"
"White seabream","Diplodus sargus sargus"
"White snake mackerel","Thyrsitops lepidopoides"
"White steenbras","Lithognathus lithognathus"
"White stumpnose","Rhabdosargus globiceps"
"White trevally","Pseudocaranx dentex"
"White warehou","Seriolella caerulea"
"White weakfish","Atractoscion nobilis"
"White-blotched grouper","Epinephelus multinotatus"
"White-edged lyretail","Variola albimarginata"
"Whitefin wolf-herring","Chirocentrus nudus"
"Whiteheads round herring","Etrumeus whiteheadi"
"Whitemargin unicornfish","Naso annulatus"
"Whitemouth croaker","Micropogonias furnieri"
"Whitesaddle goatfish","Parupeneus ciliatus"
"Whitespot hawkfish","Paracirrhites hemistictus"
"Whitespot soldierfish","Myripristis woodsi"
"Whitespotted conger","Conger myriaster"
"White-spotted shovelnose ray","Rhynchobatus australiae"
"Whitespotted surgeonfish","Acanthurus guttatus"
"Whitetongue jack","Uraspis uraspis"
"Whiting","Merlangius merlangus"
"Widow rockfish","Sebastes entomelas"
"Windowpane","Scophthalmus aquosus"
"Winter flounder","Pseudopleuronectes americanus"
"Witch","Glyptocephalus cynoglossus"
"Wolf-fish","Anarhichas lupus"
"Wreckfish","Polyprion americanus"
"Yellow and blueback fusilier","Caesio teres"
"Yellow croaker","Larimichthys polyactis"
"Yellow snapper","Lutjanus argentiventris"
"Yellowband parrotfish","Scarus schlegeli"
"Yellowbar angelfish","Pomacanthus maculosus"
"Yellowbelly rockcod","Notothenia coriiceps"
"Yellowedge grouper","Epinephelus flavolimbatus"
"Yellow-edged lyretail","Variola louti"
"Yellowfin goatfish","Mulloidichthys vanicolensis"
"Yellowfin grouper","Mycteroperca venenosa"
"Yellowfin hind","Cephalopholis hemistiktos"
"Yellowfin seabream","Acanthopagrus latus"
"Yellowfin sole","Limanda aspera"
"Yellowfin surgeonfish","Acanthurus xanthopterus"
"Yellowfin tuna","Thunnus albacares"
"Yellowlip emperor","Lethrinus xanthochilus"
"Yellowspotted grouper","Epinephelus timorensis"
"Yellowspotted trevally","Carangoides fulvoguttatus"
"Yellowstripe goatfish","Mulloidichthys flavolineatus"
"Yellowstripe scad","Selaroides leptolepis"
"Yellowtail amberjack","Seriola lalandi"
"Yellowtail flounder","Limanda ferruginea"
"Yellowtail rockfish","Sebastes flavidus"
"Yellowtail scad","Atule mate"
"Yellowtail snapper","Ocyurus chrysurus"
"Zebra seabream","Diplodus cervinus cervinus"
"Aesop shrimp","Pandalus montagui"
"Akiami paste shrimp","Acetes japonicus"
"American lobster","Homarus americanus"
"Andaman lobster","Metanephrops andamanicus"
"Antarctic krill","Euphausia superba"
"Antarctic stone crab","Paralomis spinosissima"
"Argentine red shrimp","Pleoticus muelleri"
"Argentine stiletto shrimp","Artemesia longinaris"
"Atlantic rock crab","Cancer irroratus"
"Atlantic seabob","Xiphopenaeus kroyeri"
"Atlantic seabob","Xiphopenaeus kroyeri"
"Australian spiny lobster","Panulirus cygnus"
"Banana prawn","Fenneropenaeus merguiensis"
"Barnacle","Pollicipes pollicipes"
"Black stone crab","Menippe mercenaria"
"Blue and red shrimp","Aristeus antennatus"
"Blue crab","Callinectes sapidus"
"Blue King Crab","Paralithodes platypus"
"Blue Land Crab","Cardisoma guanhumi"
"Blue mud shrimp","Upogebia pugettensis"
"Blue shrimp","Litopenaeus stylirostris"
"Blue spiny lobster","Panulirus gracilis"
"Blue swimming crab","Portunus pelagicus"
"Blue-leg swimcrab","Liocarcinus depurator"
"Cape rock lobster","Jasus lalandii"
"Caramote prawn","Melicertus kerathurus"
"Caribbean spiny lobster","Panulirus argus"
"Chilean nylon shrimp","Heterocarpus reedi"
"Chilean nylon shrimp","Haliporoides diomedeae"
"Common prawn","Palaemon serratus"
"Common shrimp","Crangon crangon"
"Common spiny lobster","Palinurus elephas"
"Crystal shrimp","Farfantepenaeus brevirostris"
"Dana's swimming crab","Callinectes danae"
"Deep-sea red crab","Chaceon affinis"
"Deepwater rose shrimp","Parapenaeus longirostris"
"Delta prawn","Palaemon longirostris"
"Dungeness crab","Cancer magister"
"Edible crab","Cancer pagurus"
"Endeavour shrimp","Metapenaeus endeavouri"
"European lobster","Homarus gammarus"
"Flathead lobster","Thenus orientalis"
"Fleshy prawn","Fenneropenaeus chinensis"
"Gazami crab","Portunus trituberculatus"
"Giant barnacle","Megabalanus psittacus"
"Giant tiger prawn","Penaeus monodon"
"Grass shrimp","Pandalus kessleri"
"Green crab","Carcinus maenas"
"Green rock lobster","Jasus verreauxi"
"Green tiger prawn","Penaeus semisulcatus"
"Guinea shrimp","Parapenaeopsis atlantica"
"Hair Crab","Erimacrus isenbeckii"
"Humpback shrimp","Pandalus hypsinotus"
"Humpy shrimp","Pandalus goniurus"
"Indian white prawn","Fenneropenaeus indicus"
"Indo-Pacific swamp crab","Scylla serrata"
"Jack-knife shrimp","Haliporoides sibogae"
"Jonah crab","Cancer borealis"
"Juan Fernandez rock lobster","Jasus frontalis"
"Knife shrimp","Haliporoides triarthrus"
"Kolibri shrimp","Solenocera agassizii"
"Kuruma prawn","Marsupenaeus japonicus"
"Longlegged spiny lobster","Panulirus longipes"
"Mediterranean shore crab","Carcinus aestuarii"
"Mediterranean slipper lobster","Scyllarides latus"
"Mozambique lobster","Metanephrops mozambicus"
"Natal spiny lobster","Palinurus delagoae"
"New Zealand lobster","Metanephrops challengeri"
"Northern brown shrimp","Farfantepenaeus aztecus"
"Northern nylon shrimp","Heterocarpus vicarius"
"Northern pink shrimp","Farfantepenaeus duorarum"
"Northern prawn","Pandalus borealis"
"Northern white shrimp","Litopenaeus setiferus"
"Norway lobster","Nephrops norvegicus"
"Norwegian krill","Meganyctiphanes norvegica"
"Ocean shrimp","Pandalus jordani"
"Pacific rock crab","Cancer productus"
"Pelagic red crab","Pleuroncodes planipes"
"Pink spiny lobster","Palinurus mauritanicus"
"Queen crab","Chionoecetes opilio"
"Red deepsea crab","Geryon quinquedens"
"Red king crab","Paralithodes camtschaticus"
"Red rock lobster","Jasus edwardsii"
"Red stone crab","Paralomis aculeata"
"Redspotted shrimp","Farfantepenaeus brasiliensis"
"Redtail prawn","Penaeus penicillatus"
"Ridgeback shrimp","Sicyonia ingentis"
"Rock shrimp","Sicyonia brevirostris"
"Royal red shrimp","Pleoticus robustus"
"Same-spine stone crab","Lithodes aequispinus"
"Sand Crayfish","Ibacus ciliatus"
"Sao Paulo shrimp","Farfantepenaeus paulensis"
"Scalloped spiny lobster","Panulirus homarus"
"Scarlet shrimp","Plesiopenaeus edwardsianus"
"Shiba shrimp","Metapenaeus joyneri"
"Sidestripe shrimp","Pandalopsis japonica"
"Softshell red crab","Paralomis granulosa"
"Southern king crab","Lithodes antarcticus"
"Southern pink shrimp","Farfantepenaeus notialis"
"Southern rock lobster","Jasus novaehollandiae"
"Southern rough shrimp","Trachysalambria curvirostris"
"Southern spiny lobster","Palinurus gilchristi"
"Speckled shrimp","Metapenaeus monoceros"
"Spinous spider crab","Maja squinado"
"Spiny king crab","Paralithodes brevipes"
"Spottail mantis squillid","Squilla mantis"
"Squat Lobster","Pleuroncodes monodon"
"Stone king crab","Lithodes maia"
"Striped red shrimp","Aristeus varidens"
"Velvet swimcrab","Necora puber"
"Western king prawn","Melicertus latisulcatus"
"Western white shrimp","Litopenaeus occidentalis"
"Whitebelly prawn","Nematopalaemon schmitti"
"Whiteleg shrimp","Litopenaeus vannamei"
"Yellowleg shrimp","Farfantepenaeus californiensis"
"American cupped oyster","Crassostrea virginica"
"American sea scallop","Placopecten magellanicus"
"Angulate volute","Zidona dufresnei"
"Argentine shortfin squid","Illex argentinus"
"Atlantic bay scallop","Argopecten irradians"
"Atlantic razor clam","Ensis directus"
"Atlantic surf clam","Spisula solidissima"
"Australian mussel","Mytilus planulatus"
"Banded carpet shell","Tapes rhomboides"
"Bean solen","Pharus legumen"
"Blacklip abalone","Haliotis rubra"
"Blood cockle","Anadara granosa"
"Blue mussel","Mytilus edulis"
"Broadtail shortfin squid","Illex coindetii"
"Brown mussel","Perna viridis"
"Butter clam","Saxidomus gigantea"
"Calico scallop","Argopecten gibbus"
"California market squid","Loligo opalescens"
"Cape Hope squid","Loligo vulgaris"
"Carrot Squat Lobster","Cervimunida johni"
"Chilean flat oyster","Ostrea chilensis"
"Chilean mussel","Mytilus chilensis"
"Chilean semele","Semele solida"
"Cholga mussel","Aulacomya ater"
"Choro mussel","Choromytilus chorus"
"Common cuttlefish","Sepia officinalis"
"Common edible cockle","Cardium edule"
"Common octopus","Octopus vulgaris"
"Common periwinkle","Littorina littorea"
"Delicate scallop","Chlamys delicatula"
"Dog cockle","Glycymeris glycymeris"
"European flat oyster","Ostrea edulis"
"European flying squid","Todarodes sagittatus"
"European razor clam","Solen vagina"
"False abalone","Concholepas concholepas"
"Gay's little venus","Tawera gayi"
"Giant abalone","Haliotis gigantea"
"Great Atlantic scallop","Pecten maximus"
"Great Mediterranean scallop","Pecten jacobaeus"
"Grooved carpet shell","Ruditapes decussatus"
"Half-crenated ark","Scapharca cornea"
"Helmet ton","Tonna galea"
"Hen clam","Mactra sachalinensis"
"Horned octopus","Eledone cirrhosa"
"Horned turban","Turbo cornutus"
"Iceland scallop","Chlamys islandica"
"Japanese carpet shell","Ruditapes philippinarum"
"Japanese flying squid","Todarodes pacificus"
"Japanese hard clam","Meretrix lusoria"
"Jumbo flying squid","Dosidicus gigas"
"Korean mussel","Mytilus coruscus"
"Longfin squid","Loligo pealeii"
"Macha clam","Mesodesma donacium"
"Mangrove cupped oyster","Crassostrea rhizophorae"
"Mediterranean mussel","Mytilus galloprovincialis"
"Neon flying squid","Ommastrephes bartramii"
"New Zealand dredge oyster","Ostrea lutaria"
"New Zealand scallop","Pecten novaezelandiae"
"Northern quahog","Mercenaria mercenaria"
"Northern shortfin squid","Illex illecebrosus"
"Nuttall cockle","Clinocardium nuttallii"
"Ocean quahog","Arctica islandica"
"Olympia flat oyster","Ostrea lurida"
"Pacific calico scallop","Argopecten circularis"
"Pacific cupped oyster","Crassostrea gigas"
"Pacific geoduck","Panopea abrupta"
"Pacific littleneck clam","Protothaca staminea"
"Pacific razor clam","Siliqua patula"
"Patagonean scallop","Zygochlamys patagonica"
"Patagonian squid","Loligo gahi"
"Perlemoen abalone","Haliotis midae"
"Peruvian calico scallop","Argopecten purpuratus"
"Pipi wedge clam","Paphies australis"
"Pod razor","Ensis ensis"
"Pullet carpet shell","Tapes pullastra"
"Queen scallop","Aequipecten opercularis"
"River Plata mussel","Mytilus platensis"
"Rostrate pitar","Pitar rostratus"
"Sand gaper","Mya arenaria"
"Sevenstar flying squid","Martialia hyadesi"
"Slipper cupped oyster","Crassostrea iredalei"
"Smooth callista","Callista chione"
"South American rock mussel","Perna perna"
"Stimpsons surf clam","Mactromeris polynyma"
"Striped venus","Venus (=Chamelea) gallina"
"Stutchbury's venus","Chione stutchburyi"
"Surf clam","Spisula solida"
"Taca clam","Protothaca thaca"
"Trigonal tivela","Tivela mactroides"
"Tuberculate abalone","Haliotis tuberculata"
"Variegated scallop","Chlamys varia"
"Veined Squid","Loligo forbesii"
"Venus clam","Spisula ovalis"
"Warty venus","Venus verrucosa"
"Weathervane scallop","Patinopecten caurinus"
"Wellington flying squid","Nototodarus sloanii"
"Whelk","Buccinum undatum"
"Yesso scallop","Pecten yessoensis"
